# Body | length 4 | blade -X up +Y
mtllib 06.mtl
g body
v 1.436213 0.045262 0.395055
v 1.277869 0.427541 -0.377292
v 1.277869 0.427541 0.395055
v 1.436213 0.045262 -0.377292
v 1.277869 -0.337023 0.395055
v 1.277869 -0.337023 -0.377292
v 1.235725 0.045143 0.481237
v 1.135965 0.285979 0.243085
v 1.135965 0.285979 0.481237
v 1.235725 0.045143 0.243085
v 1.135965 -0.195698 0.481237
v 1.135965 -0.195698 0.243085
v 0.533692 -0.134496 -0.354266
v 0.494200 -0.185968 0.083221
v 0.494200 -0.185968 -0.064801
v 0.396295 -0.313557 -0.354266
v 0.396295 -0.313557 -0.064801
v 0.396295 -0.313557 0.372029
v 0.396295 -0.313557 0.083221
v 0.533692 -0.134496 0.372029
v 0.500384 0.199804 -0.354266
v 0.500384 0.199804 0.372029
v 0.505621 0.336142 -0.354266
v 0.505621 0.336142 0.372029
v 0.523094 0.395028 -0.354266
v 0.523094 0.395028 0.372029
v 0.513305 0.427541 -0.377292
v 0.895584 0.585885 0.395055
v 0.895584 0.585885 -0.377292
v 1.277869 0.427541 0.395055
v 0.513305 0.427541 0.395055
v 1.277869 0.427541 -0.377292
v 0.654294 0.285979 0.243085
v 0.895130 0.385739 0.481237
v 0.895130 0.385739 0.243085
v 1.135965 0.285979 0.481237
v 0.654294 0.285979 0.481237
v 1.135965 0.285979 0.243085
v 0.190110 0.348096 -0.354266
v 0.190110 0.348096 0.372029
v 0.295436 0.407699 0.372029
v 0.295436 0.407699 -0.354266
v 0.523094 0.395028 0.372029
v 0.523094 0.395028 -0.354266
v 0.895130 -0.295452 0.481237
v 1.235725 0.045143 0.481237
v 0.554534 0.045143 0.481237
v 1.135965 -0.195698 0.481237
v 0.654294 -0.195698 0.481237
v 0.895130 0.385739 0.481237
v 1.135965 0.285979 0.481237
v 0.654294 0.285979 0.481237
v 0.513305 -0.337023 0.395055
v 0.895584 0.585885 0.395055
v 0.354960 0.045262 0.395055
v 0.513305 0.427541 0.395055
v 1.277869 -0.337023 0.395055
v 0.895584 -0.495368 0.395055
v 1.436213 0.045262 0.395055
v 1.277869 0.427541 0.395055
v 0.295436 0.407699 0.372029
v 0.505621 0.336142 0.372029
v 0.523094 0.395028 0.372029
v 0.500384 0.199804 0.372029
v 0.160012 0.291005 0.372029
v 0.190110 0.348096 0.372029
v 0.533692 -0.134496 0.372029
v -0.035989 0.018144 0.372029
v -0.006529 -0.205619 0.372029
v 0.172531 -0.343017 0.372029
v 0.396295 -0.313557 0.372029
v 0.484062 0.239474 -0.064801
v 0.160012 0.291005 -0.064801
v 0.476062 0.031210 -0.064801
v 0.176314 0.321938 -0.064801
v -0.035989 0.018144 -0.064801
v -0.006529 -0.205619 -0.064801
v 0.172531 -0.343017 -0.064801
v 0.494200 -0.185968 -0.064801
v 0.396295 -0.313557 -0.064801
v 0.354960 0.045262 -0.377292
v 0.513305 0.427541 0.395055
v 0.513305 0.427541 -0.377292
v 0.354960 0.045262 0.395055
v 0.513305 -0.337023 -0.377292
v 0.513305 -0.337023 0.395055
v 0.554534 0.045143 0.243085
v 0.654294 0.285979 0.481237
v 0.654294 0.285979 0.243085
v 0.554534 0.045143 0.481237
v 0.654294 -0.195698 0.243085
v 0.654294 -0.195698 0.481237
v 0.484062 0.239474 -0.064801
v 0.476062 0.031210 -0.064801
v 0.476062 0.031210 0.083221
v 0.484062 0.239474 0.083221
v 0.494200 -0.185968 0.083221
v 0.494200 -0.185968 -0.064801
v -0.035989 0.018144 -0.354266
v -0.006529 -0.205619 -0.354266
v -0.006529 -0.205619 -0.064801
v -0.035989 0.018144 -0.064801
v 0.160012 0.291005 -0.354266
v 0.160012 0.291005 -0.064801
v 0.176314 0.321938 -0.064801
v 0.190110 0.348096 -0.354266
v 0.176314 0.321938 0.083221
v 0.190110 0.348096 0.372029
v 0.160012 0.291005 0.372029
v 0.160012 0.291005 0.083221
v -0.035989 0.018144 0.372029
v -0.035989 0.018144 0.083221
v -0.006529 -0.205619 0.083221
v -0.006529 -0.205619 0.372029
v 0.895584 -0.495368 -0.377292
v 0.513305 -0.337023 0.395055
v 0.513305 -0.337023 -0.377292
v 0.895584 -0.495368 0.395055
v 1.277869 -0.337023 -0.377292
v 1.277869 -0.337023 0.395055
v 0.895130 -0.295452 0.243085
v 0.654294 -0.195698 0.481237
v 0.654294 -0.195698 0.243085
v 0.895130 -0.295452 0.481237
v 1.135965 -0.195698 0.243085
v 1.135965 -0.195698 0.481237
v 0.172531 -0.343017 -0.354266
v 0.396295 -0.313557 -0.354266
v 0.396295 -0.313557 -0.064801
v 0.172531 -0.343017 -0.064801
v -0.006529 -0.205619 -0.354266
v -0.006529 -0.205619 -0.064801
v 0.172531 -0.343017 0.083221
v -0.006529 -0.205619 0.372029
v -0.006529 -0.205619 0.083221
v 0.172531 -0.343017 0.372029
v 0.396295 -0.313557 0.083221
v 0.396295 -0.313557 0.372029
v 0.176314 0.321938 -0.064801
v 0.484062 0.239474 -0.064801
v 0.484062 0.239474 0.083221
v 0.176314 0.321938 0.083221
v 1.436213 0.045262 -0.377292
v 0.895584 0.585885 -0.377292
v 1.277869 0.427541 -0.377292
v 1.277869 -0.337023 -0.377292
v 0.513305 -0.337023 -0.377292
v 0.895584 -0.495368 -0.377292
v 0.354960 0.045262 -0.377292
v 0.513305 0.427541 -0.377292
v 0.172531 -0.343017 -0.354266
v 0.533692 -0.134496 -0.354266
v 0.396295 -0.313557 -0.354266
v -0.006529 -0.205619 -0.354266
v -0.035989 0.018144 -0.354266
v 0.160012 0.291005 -0.354266
v 0.500384 0.199804 -0.354266
v 0.295436 0.407699 -0.354266
v 0.190110 0.348096 -0.354266
v 0.505621 0.336142 -0.354266
v 0.523094 0.395028 -0.354266
v 0.484062 0.239474 0.083221
v 0.160012 0.291005 0.083221
v 0.176314 0.321938 0.083221
v 0.476062 0.031210 0.083221
v -0.035989 0.018144 0.083221
v -0.006529 -0.205619 0.083221
v 0.172531 -0.343017 0.083221
v 0.494200 -0.185968 0.083221
v 0.396295 -0.313557 0.083221
v 1.962508 0.251881 -0.099668
v 1.962508 0.251881 0.097695
v 2.000000 0.074235 0.096379
v 2.000000 0.074235 -0.098353
v 1.991152 -0.107879 0.096379
v 1.991152 -0.107879 -0.098353
v 1.936265 -0.285854 0.097695
v 1.936265 -0.285854 -0.099668
v 1.288790 0.903659 0.477289
v 1.284783 0.995426 -0.458869
v 1.284783 0.995426 0.477289
v 1.288790 0.903659 -0.458869
v 1.226726 0.835931 0.477289
v 1.226726 0.835931 -0.458869
v 0.186123 0.707974 0.464790
v 0.158499 0.795583 -0.445711
v 0.158499 0.795583 0.464790
v 0.186123 0.707974 -0.445711
v 0.143710 0.626496 0.464790
v 0.143710 0.626496 -0.445711
v 1.116985 0.364516 -0.097695
v 1.210127 0.416495 0.097037
v 1.210127 0.416495 -0.099010
v 1.116985 0.364516 0.095721
v 1.329565 0.432389 0.097037
v 1.329565 0.432389 -0.099010
v 1.962508 0.251881 -0.099668
v 1.962508 0.251881 0.097695
v 1.125281 1.053477 -0.458869
v 1.217055 1.057484 0.477289
v 1.217055 1.057484 -0.458869
v 1.284783 0.995426 0.477289
v 1.125281 1.053477 0.477289
v 1.284783 0.995426 -0.458869
v 1.436200 -0.223731 -0.097037
v 1.796164 -0.183409 0.094405
v 1.796164 -0.183409 -0.096379
v 1.436200 -0.223731 0.095063
v 1.287421 -0.164844 -0.098353
v 1.287421 -0.164844 0.096379
v -0.010589 0.810379 -0.445711
v 0.077021 0.837996 0.464790
v 0.077021 0.837996 -0.445711
v 0.158499 0.795583 0.464790
v -0.010589 0.810379 0.464790
v 0.158499 0.795583 -0.445711
v 1.226726 0.835931 0.477289
v 1.067230 0.893982 0.477289
v 1.134958 0.831924 0.477289
v 1.063224 0.985755 0.477289
v 1.288790 0.903659 0.477289
v 1.217055 1.057484 0.477289
v 1.284783 0.995426 0.477289
v 1.125281 1.053477 0.477289
v -0.025378 0.641291 0.464790
v -0.010589 0.810379 0.464790
v -0.053002 0.728894 0.464790
v 0.158499 0.795583 0.464790
v 0.077021 0.837996 0.464790
v 0.143710 0.626496 0.464790
v 0.056100 0.598871 0.464790
v 0.186123 0.707974 0.464790
v 1.962508 0.251881 0.097695
v 1.329565 0.432389 0.097037
v 1.813242 0.163028 0.094405
v 2.000000 0.074235 0.096379
v 1.330762 0.245546 0.095721
v 1.861030 0.047130 0.095721
v 1.255955 0.237763 0.095063
v 1.991152 -0.107879 0.096379
v 1.210127 0.416495 0.097037
v 1.116985 0.364516 0.095721
v 1.187714 0.188955 0.097037
v 1.855326 -0.067985 0.095721
v 1.796164 -0.183409 0.094405
v 1.936265 -0.285854 0.097695
v 1.448226 -0.384581 0.097037
v 1.436200 -0.223731 0.095063
v 1.234824 -0.355510 0.096379
v 1.287421 -0.164844 0.096379
v 1.063224 0.985755 -0.458869
v 1.125281 1.053477 0.477289
v 1.125281 1.053477 -0.458869
v 1.063224 0.985755 0.477289
v 1.067230 0.893982 -0.458869
v 1.067230 0.893982 0.477289
v 1.861030 0.047130 -0.097695
v 1.813242 0.163028 0.094405
v 1.813242 0.163028 -0.096379
v 1.861030 0.047130 0.095721
v 1.855326 -0.067985 0.095721
v 1.855326 -0.067985 -0.097695
v 1.796164 -0.183409 -0.096379
v 1.796164 -0.183409 0.094405
v -0.010589 0.810379 -0.445711
v -0.053002 0.728894 0.464790
v -0.010589 0.810379 0.464790
v -0.053002 0.728894 -0.445711
v -0.025378 0.641291 0.464790
v -0.025378 0.641291 -0.445711
v 1.936265 -0.285854 0.097695
v 1.448226 -0.384581 -0.099010
v 1.936265 -0.285854 -0.099668
v 1.448226 -0.384581 0.097037
v 1.234824 -0.355510 0.096379
v 1.234824 -0.355510 -0.099010
v 1.134958 0.831924 -0.458869
v 1.067230 0.893982 0.477289
v 1.067230 0.893982 -0.458869
v 1.134958 0.831924 0.477289
v 1.226726 0.835931 -0.458869
v 1.226726 0.835931 0.477289
v 1.813242 0.163028 0.094405
v 1.330762 0.245546 -0.097695
v 1.813242 0.163028 -0.096379
v 1.330762 0.245546 0.095721
v 1.255955 0.237763 0.095063
v 1.255955 0.237763 -0.097037
v 1.187714 0.188955 0.097037
v 1.187714 0.188955 -0.099010
v 0.056100 0.598871 -0.445711
v -0.025378 0.641291 0.464790
v -0.025378 0.641291 -0.445711
v 0.056100 0.598871 0.464790
v 0.143710 0.626496 -0.445711
v 0.143710 0.626496 0.464790
v 1.217055 1.057484 -0.458869
v 1.063224 0.985755 -0.458869
v 1.125281 1.053477 -0.458869
v 1.288790 0.903659 -0.458869
v 1.284783 0.995426 -0.458869
v 1.226726 0.835931 -0.458869
v 1.067230 0.893982 -0.458869
v 1.134958 0.831924 -0.458869
v 0.158499 0.795583 -0.445711
v -0.025378 0.641291 -0.445711
v -0.010589 0.810379 -0.445711
v -0.053002 0.728894 -0.445711
v 0.077021 0.837996 -0.445711
v 0.143710 0.626496 -0.445711
v 0.186123 0.707974 -0.445711
v 0.056100 0.598871 -0.445711
v 1.329565 0.432389 -0.099010
v 1.813242 0.163028 -0.096379
v 1.330762 0.245546 -0.097695
v 1.255955 0.237763 -0.097037
v 1.962508 0.251881 -0.099668
v 1.210127 0.416495 -0.099010
v 1.116985 0.364516 -0.097695
v 1.187714 0.188955 -0.099010
v 2.000000 0.074235 -0.098353
v 1.861030 0.047130 -0.097695
v 1.991152 -0.107879 -0.098353
v 1.855326 -0.067985 -0.097695
v 1.796164 -0.183409 -0.096379
v 1.936265 -0.285854 -0.099668
v 1.448226 -0.384581 -0.099010
v 1.436200 -0.223731 -0.097037
v 1.234824 -0.355510 -0.099010
v 1.287421 -0.164844 -0.098353
v 1.144412 0.479704 0.504262
v 1.134873 0.583398 0.579918
v 1.152254 0.482329 0.579260
v 1.170984 0.443988 0.579918
v 1.192759 0.402114 0.567418
v 1.207509 0.372812 0.534525
v 1.142077 0.540491 0.464132
v 1.134801 0.584898 0.466105
v 1.155899 0.667218 0.466105
v 1.155918 0.667258 0.581234
v 1.156681 0.487282 0.445711
v 1.171082 0.426060 0.447027
v 1.212660 0.361148 0.487157
v 1.158399 0.464651 0.393739
v 1.212265 0.360372 0.447027
v 1.212265 0.360372 0.296373
v 1.160293 0.463671 0.296373
v 1.202213 0.835371 0.462816
v 1.202674 0.825898 0.581234
v 1.233258 0.950039 0.518735
v 1.213048 0.868673 0.439132
v 1.221884 0.892567 0.391765
v 1.248139 1.006919 0.384529
v 1.224693 0.893140 0.007566
v 1.248488 1.008360 0.007566
v 1.248139 1.006919 -0.386502
v 1.221884 0.892567 -0.393739
v 1.233258 0.950039 -0.520709
v 1.213048 0.868673 -0.441106
v 1.202213 0.835371 -0.464132
v 1.202674 0.825898 -0.582550
v 1.155899 0.667218 -0.468079
v 1.155918 0.667258 -0.582550
v 1.134873 0.583398 -0.581892
v 1.134801 0.584898 -0.468079
v 1.142077 0.540491 -0.465448
v 1.144412 0.479704 -0.505578
v 1.152254 0.482329 -0.581234
v 1.170984 0.443988 -0.581892
v 1.192759 0.402114 -0.568734
v 1.156681 0.487282 -0.447685
v 1.207509 0.372812 -0.535840
v 1.171082 0.426060 -0.449001
v 1.212660 0.361148 -0.489131
v 1.158399 0.464651 -0.395713
v 1.212265 0.360372 -0.449001
v 1.212265 0.360372 -0.298347
v 1.160293 0.463671 -0.298347
v 0.249832 -0.118306 0.536498
v 0.339803 -0.041380 0.489131
v 0.330968 -0.032183 0.536498
v 0.259542 -0.126569 0.489131
v 0.339698 -0.042249 0.449001
v 0.260397 -0.126418 0.449001
v 0.260397 -0.126418 0.298347
v 0.339698 -0.042249 0.298347
v 0.339803 -0.041380 -0.486500
v 0.249832 -0.118306 -0.533867
v 0.330968 -0.032183 -0.533867
v 0.259542 -0.126569 -0.486500
v 0.339698 -0.042249 -0.447027
v 0.260397 -0.126418 -0.447027
v 0.260397 -0.126418 -0.296373
v 0.339698 -0.042249 -0.296373
v 1.261304 -0.270025 -0.384529
v 1.261304 -0.270025 0.404923
v 1.270659 -0.292617 0.404923
v 1.270659 -0.292617 -0.384529
v 1.261304 -0.315202 0.404923
v 1.261304 -0.315202 -0.384529
v 0.582369 0.408903 -0.384529
v 0.582369 0.408903 0.404923
v 0.591730 0.386318 0.404923
v 0.591724 0.386318 -0.384529
v 0.582369 0.363727 0.404923
v 0.582369 0.363727 -0.384529
v 0.582369 -0.315202 0.404923
v 0.582369 -0.315202 -0.384529
v 0.591724 -0.292617 -0.384529
v 0.582369 -0.270025 -0.384529
v 0.582369 -0.270025 0.404923
v 0.591724 -0.292617 0.404923
v 0.156229 0.279492 0.468079
v 0.120191 0.629581 0.464790
v 0.123085 0.620548 0.583207
v 0.156229 0.279545 0.583207
v 0.120500 0.748374 0.521367
v 0.183610 0.160114 0.468079
v 0.122033 0.664554 0.441106
v 0.184189 0.158726 0.581892
v 0.124388 0.689921 0.393739
v 0.120151 0.807175 0.386502
v 0.126954 0.691198 0.009539
v 0.120118 0.808655 0.009539
v 0.120151 0.807175 -0.384529
v 0.124388 0.689921 -0.391107
v 0.120500 0.748374 -0.518735
v 0.122033 0.664554 -0.439132
v 0.120191 0.629581 -0.462158
v 0.123085 0.620548 -0.580576
v 0.156223 0.279492 -0.466105
v 0.156229 0.279545 -0.580576
v 0.183610 0.160114 -0.466105
v 0.184189 0.158726 -0.579260
v 0.212136 0.103004 -0.463474
v 0.235122 0.046683 -0.503604
v 0.241589 0.051834 -0.579260
v 0.244062 0.057998 -0.445711
v 0.278528 0.005395 -0.447027
v 0.253411 0.037321 -0.393081
v 0.235122 0.046683 0.506236
v 0.241589 0.051834 0.581234
v 0.212136 0.103004 0.466105
v 0.244062 0.057998 0.447685
v 0.278528 0.005395 0.449001
v 0.253411 0.037321 0.395713
v 1.261304 0.363727 -0.384529
v 1.270659 0.386318 -0.384529
v 1.261304 0.363727 -0.367424
v 1.261304 0.408903 -0.384529
v 1.261304 0.408903 -0.367424
v 1.270659 0.386318 -0.367424
v -0.851131 -0.057663 -0.114799
v -0.917925 0.103589 -0.114799
v -0.917925 0.103589 -0.060196
v -0.851131 -0.057663 -0.060196
v -0.917925 -0.218908 -0.114799
v -0.917925 -0.218908 -0.060196
v -0.851131 -0.057663 0.079274
v -0.917925 0.103589 0.079274
v -0.917925 0.103589 0.133220
v -0.851131 -0.057663 0.133220
v -0.917925 -0.218908 0.079274
v -0.917925 -0.218908 0.133220
v 1.233258 0.950039 0.518735
v 1.132741 1.030458 0.385187
v 1.117400 0.977525 0.515446
v 1.248139 1.006919 0.384529
v 1.133274 1.032155 0.007566
v 1.248488 1.008360 0.007566
v 1.248139 1.006919 -0.386502
v 1.132741 1.030458 -0.386502
v 1.233258 0.950039 -0.520709
v 1.117400 0.977525 -0.517420
v -1.072750 0.152371 -0.018092
v -1.211489 0.089366 -0.061511
v -1.211489 0.089366 -0.018092
v -1.072750 0.152371 -0.061511
v 0.629354 0.152371 -0.018092
v 0.629354 0.152371 -0.061511
v -1.211489 0.089366 0.079932
v -1.072750 0.152371 0.079932
v -1.211489 0.089366 0.036512
v -1.072750 0.152371 0.036512
v 0.629354 0.152371 0.079932
v 0.629354 0.152371 0.036512
v 0.120151 0.807175 0.386502
v 0.001477 0.744940 0.517420
v 0.120500 0.748374 0.521367
v 0.002595 0.800037 0.387160
v 0.002668 0.801820 0.009539
v 0.120118 0.808655 0.009539
v 0.120151 0.807175 -0.384529
v 0.002595 0.800037 -0.384529
v 0.001477 0.744940 -0.515446
v 0.120500 0.748374 -0.518735
v 1.238712 -0.260670 0.404923
v 1.238712 -0.260670 -0.384529
v 1.216127 -0.270025 -0.384529
v 1.261304 -0.270025 0.404923
v 1.216127 -0.270025 0.404923
v 1.261304 -0.270025 -0.384529
v 0.559784 0.418258 0.404923
v 0.559784 0.418258 -0.384529
v 0.537192 0.408903 -0.384529
v 0.582369 0.408903 0.404923
v 0.537192 0.408903 0.404923
v 0.582369 0.408903 -0.384529
v 0.537192 -0.270025 -0.384529
v 0.537192 -0.270025 0.404923
v 0.559784 -0.260670 0.404923
v 0.559784 -0.260670 -0.384529
v 0.582369 -0.270025 0.404923
v 0.582369 -0.270025 -0.384529
v 0.235122 0.046683 -0.503604
v 0.272305 0.022210 -0.579260
v 0.241589 0.051834 -0.579260
v 0.307093 -0.009691 -0.566760
v 0.330968 -0.032183 -0.533867
v 0.339803 -0.041380 -0.486500
v 0.278528 0.005395 -0.447027
v 0.339698 -0.042249 -0.447027
v 0.253411 0.037321 -0.393081
v 0.339698 -0.042249 -0.296373
v 0.255529 0.037052 -0.296373
v 0.272305 0.022210 0.581892
v 0.235122 0.046683 0.506236
v 0.241589 0.051834 0.581234
v 0.307093 -0.009691 0.569392
v 0.330968 -0.032183 0.536498
v 0.339803 -0.041380 0.489131
v 0.278528 0.005395 0.449001
v 0.339698 -0.042249 0.449001
v 0.253411 0.037321 0.395713
v 0.339698 -0.042249 0.298347
v 0.255529 0.037052 0.298347
v 1.216127 0.408903 -0.384529
v 1.216127 0.408903 -0.367424
v 1.238712 0.418265 -0.367424
v 1.238712 0.418265 -0.384529
v 1.261304 0.408903 -0.367424
v 1.261304 0.408903 -0.384529
v 1.156681 0.487282 0.445711
v 1.057303 0.413383 0.393081
v 1.050980 0.429692 0.442422
v 1.158399 0.464651 0.393739
v 1.056993 0.411699 0.296373
v 1.160293 0.463671 0.296373
v 1.057303 0.413383 -0.395055
v 1.156681 0.487282 -0.447685
v 1.050980 0.429692 -0.444395
v 1.158399 0.464651 -0.395713
v 1.056993 0.411699 -0.298347
v 1.160293 0.463671 -0.298347
v -1.079170 0.170377 -0.114799
v -1.240416 0.103589 -0.114799
v -1.240416 0.103589 -0.060196
v -1.079170 0.170377 -0.060196
v -0.917925 0.103589 -0.114799
v -0.917925 0.103589 -0.060196
v -1.079170 0.170377 0.079274
v -1.240416 0.103589 0.079274
v -1.240416 0.103589 0.133220
v -1.079170 0.170377 0.133220
v -0.917925 0.103589 0.079274
v -0.917925 0.103589 0.133220
v 1.086315 0.846739 0.580576
v 1.041987 0.688020 0.581892
v 1.155918 0.667258 0.581234
v 1.134873 0.583398 0.579918
v 1.202674 0.825898 0.581234
v 1.019087 0.586299 0.581892
v 1.117400 0.977525 0.515446
v 1.152254 0.482329 0.579260
v 1.233258 0.950039 0.518735
v 1.050777 0.425297 0.581234
v 1.170984 0.443988 0.579918
v 1.066427 0.391384 0.579918
v 1.087065 0.348938 0.567418
v 1.192759 0.402114 0.567418
v 1.207509 0.372812 0.534525
v 1.101808 0.319636 0.534525
v 1.216127 -0.315202 0.404923
v 1.216127 -0.270025 0.404923
v 1.206766 -0.292617 0.404923
v 1.238712 -0.260670 0.404923
v 1.261304 -0.315202 0.404923
v 1.238712 -0.324557 0.404923
v 1.261304 -0.270025 0.404923
v 1.270659 -0.292617 0.404923
v 0.537192 0.363727 0.404923
v 0.559784 0.418258 0.404923
v 0.527837 0.386318 0.404923
v 0.537192 0.408903 0.404923
v 0.559784 0.354372 0.404923
v 0.582369 0.363727 0.404923
v 0.582369 0.408903 0.404923
v 0.591730 0.386318 0.404923
v 0.559784 -0.324557 0.404923
v 0.591724 -0.292617 0.404923
v 0.582369 -0.270025 0.404923
v 0.582369 -0.315202 0.404923
v 0.537192 -0.270025 0.404923
v 0.559784 -0.260670 0.404923
v 0.527837 -0.292617 0.404923
v 0.537192 -0.315202 0.404923
v -1.307210 -0.057663 0.133220
v -0.851131 -0.057663 0.133220
v -1.079170 0.170377 0.133220
v -0.917925 0.103589 0.133220
v -1.240416 0.103589 0.133220
v -1.079170 -0.285696 0.133220
v -0.917925 -0.218908 0.133220
v -1.240416 -0.218908 0.133220
v -1.211489 -0.204685 0.079932
v -1.211489 0.089366 0.079932
v -1.271494 -0.057663 0.079932
v -1.072750 -0.267696 0.079932
v -1.072750 0.152371 0.079932
v 0.629354 0.152371 0.079932
v 0.629354 -0.267696 0.079932
v 0.005299 0.610562 0.582550
v 0.042068 0.260091 0.583865
v 0.156229 0.279545 0.583207
v 0.184189 0.158726 0.581892
v 0.123085 0.620548 0.583207
v 0.074396 0.121845 0.583865
v 0.001477 0.744940 0.517420
v 0.241589 0.051834 0.581234
v 0.120500 0.748374 0.521367
v 0.165742 -0.036466 0.583207
v 0.272305 0.022210 0.581892
v 0.192044 -0.062985 0.581892
v 0.307093 -0.009691 0.569392
v 0.225957 -0.095813 0.569392
v 0.330968 -0.032183 0.536498
v 0.249832 -0.118306 0.536498
v -1.211489 -0.204685 -0.018092
v -1.211489 0.089366 -0.018092
v -1.271494 -0.057663 -0.018092
v -1.072750 -0.267696 -0.018092
v -1.072750 0.152371 -0.018092
v 0.629354 -0.267696 -0.018092
v 0.629354 0.152371 -0.018092
v -0.851131 -0.057663 -0.060196
v -1.307210 -0.057663 -0.060196
v -1.079170 -0.285696 -0.060196
v -1.240416 -0.218908 -0.060196
v -0.917925 -0.218908 -0.060196
v -1.079170 0.170377 -0.060196
v -0.917925 0.103589 -0.060196
v -1.240416 0.103589 -0.060196
v 0.009510 0.661264 -0.435843
v 0.120191 0.629581 -0.462158
v 0.122033 0.664554 -0.439132
v 0.008319 0.619068 -0.463474
v 0.156223 0.279492 -0.466105
v 0.042094 0.260045 -0.464790
v 0.183610 0.160114 -0.466105
v 0.073837 0.123194 -0.464132
v 0.212136 0.103004 -0.463474
v 0.139697 0.011033 -0.462158
v 0.244062 0.057998 -0.445711
v 0.164426 -0.032269 -0.442422
v 1.261304 0.363727 -0.367424
v 1.216127 0.363727 -0.367424
v 1.238712 0.354372 -0.367424
v 1.206766 0.386318 -0.367424
v 1.261304 0.408903 -0.367424
v 1.270659 0.386318 -0.367424
v 1.216127 0.408903 -0.367424
v 1.238712 0.418265 -0.367424
v 1.103505 0.894620 -0.437817
v 1.202213 0.835371 -0.464132
v 1.213048 0.868673 -0.441106
v 1.091433 0.854173 -0.465448
v 1.155899 0.667218 -0.468079
v 1.042000 0.687974 -0.467421
v 1.134801 0.584898 -0.468079
v 1.019021 0.587753 -0.466105
v 1.142077 0.540491 -0.465448
v 1.042553 0.478842 -0.464790
v 1.156681 0.487282 -0.447685
v 1.050980 0.429692 -0.444395
v -1.271494 -0.057663 -0.061511
v -1.211489 -0.204685 -0.061511
v -1.211489 -0.204685 -0.018092
v -1.271494 -0.057663 -0.018092
v -1.211489 0.089366 -0.061511
v -1.211489 0.089366 -0.018092
v -1.271494 -0.057663 0.036512
v -1.211489 -0.204685 0.036512
v -1.211489 -0.204685 0.079932
v -1.271494 -0.057663 0.079932
v -1.211489 0.089366 0.036512
v -1.211489 0.089366 0.079932
v 0.073837 0.123194 0.466763
v 0.139697 0.011033 0.464790
v 0.074396 0.121845 0.583865
v 0.170814 -0.032361 0.506236
v 0.165742 -0.036466 0.583207
v 0.192044 -0.062985 0.581892
v 0.225957 -0.095813 0.569392
v 0.249832 -0.118306 0.536498
v 0.164426 -0.032269 0.444395
v 0.259542 -0.126569 0.489131
v 0.210465 -0.069380 0.449001
v 0.260397 -0.126418 0.449001
v 0.175946 -0.045433 0.395055
v 0.042094 0.260045 0.467421
v 0.005299 0.610562 0.582550
v 0.008319 0.619068 0.466105
v 0.042068 0.260091 0.583865
v 0.001477 0.744940 0.517420
v 0.009510 0.661264 0.437817
v 0.011740 0.683626 0.395055
v 0.002595 0.800037 0.387160
v 0.009503 0.684369 0.009539
v 0.002668 0.801820 0.009539
v 0.002595 0.800037 -0.384529
v 0.011740 0.683626 -0.392423
v 0.001477 0.744940 -0.515446
v 0.009510 0.661264 -0.435843
v 0.008319 0.619068 -0.463474
v 0.005299 0.610562 -0.580576
v 0.042094 0.260045 -0.464790
v 0.042068 0.260091 -0.581234
v 0.073837 0.123194 -0.464132
v 0.074396 0.121845 -0.581892
v 0.139697 0.011033 -0.462158
v 0.170814 -0.032361 -0.503604
v 0.165742 -0.036466 -0.580576
v 0.192044 -0.062985 -0.579260
v 0.225957 -0.095813 -0.566760
v 0.249832 -0.118306 -0.533867
v 0.164426 -0.032269 -0.442422
v 0.259542 -0.126569 -0.486500
v 0.210458 -0.069380 -0.447027
v 0.260397 -0.126418 -0.447027
v 0.175946 -0.045433 -0.393081
v 1.216127 -0.270025 0.404923
v 1.216127 -0.270025 -0.384529
v 1.206766 -0.292617 -0.384529
v 1.206766 -0.292617 0.404923
v 1.216127 -0.315202 0.404923
v 1.216127 -0.315202 -0.384529
v 0.537192 0.408903 0.404923
v 0.537192 0.408903 -0.384529
v 0.527837 0.386318 -0.384529
v 0.527837 0.386318 0.404923
v 0.537192 0.363727 -0.384529
v 0.537192 0.363727 0.404923
v 0.527837 -0.292617 0.404923
v 0.527837 -0.292617 -0.384529
v 0.537192 -0.315202 -0.384529
v 0.537192 -0.270025 0.404923
v 0.537192 -0.315202 0.404923
v 0.537192 -0.270025 -0.384529
v 0.164426 -0.032269 0.444395
v 0.244062 0.057998 0.447685
v 0.253411 0.037321 0.395713
v 0.175946 -0.045433 0.395055
v 0.255529 0.037052 0.298347
v 0.176229 -0.047117 0.298347
v 0.244062 0.057998 -0.445711
v 0.164426 -0.032269 -0.442422
v 0.253411 0.037321 -0.393081
v 0.175946 -0.045433 -0.393081
v 0.255529 0.037052 -0.296373
v 0.176229 -0.047117 -0.296373
v 1.206766 0.386318 -0.384529
v 1.216127 0.363727 -0.384529
v 1.206766 0.386318 -0.367424
v 1.216127 0.408903 -0.384529
v 1.216127 0.363727 -0.367424
v 1.216127 0.408903 -0.367424
v 1.042000 0.687974 0.465448
v 1.086315 0.846739 0.580576
v 1.091433 0.854173 0.463474
v 1.041987 0.688020 0.581892
v 1.117400 0.977525 0.515446
v 1.019021 0.587753 0.464132
v 1.103505 0.894620 0.435843
v 1.019087 0.586299 0.581892
v 1.111446 0.915645 0.393081
v 1.042553 0.478842 0.462816
v 1.132741 1.030458 0.385187
v 1.109472 0.916941 0.007566
v 1.133274 1.032155 0.007566
v 1.132741 1.030458 -0.386502
v 1.111446 0.915645 -0.394397
v 1.117400 0.977525 -0.517420
v 1.103505 0.894620 -0.437817
v 1.091433 0.854173 -0.465448
v 1.086315 0.846739 -0.582550
v 1.042000 0.687974 -0.467421
v 1.041987 0.688020 -0.583865
v 1.019021 0.587753 -0.466105
v 1.019087 0.586299 -0.583865
v 1.042553 0.478842 -0.464790
v 1.050777 0.425297 -0.583207
v 1.056954 0.427422 -0.505578
v 1.066427 0.391384 -0.581892
v 1.087065 0.348938 -0.568734
v 1.050980 0.429692 -0.444395
v 1.101808 0.319636 -0.535840
v 1.081545 0.379075 -0.449001
v 1.108104 0.308544 -0.489131
v 1.057303 0.413383 -0.395055
v 1.108966 0.308399 -0.449001
v 1.108966 0.308399 -0.298347
v 1.056993 0.411699 -0.298347
v 1.050777 0.425297 0.581234
v 1.056954 0.427422 0.504262
v 1.066427 0.391384 0.579918
v 1.087065 0.348938 0.567418
v 1.050980 0.429692 0.442422
v 1.101808 0.319636 0.534525
v 1.081545 0.379075 0.447027
v 1.108104 0.308544 0.487157
v 1.057303 0.413383 0.393081
v 1.108966 0.308399 0.447027
v 1.108966 0.308399 0.296373
v 1.056993 0.411699 0.296373
v -1.307210 -0.057663 -0.114799
v -1.240416 0.103589 -0.060196
v -1.240416 0.103589 -0.114799
v -1.307210 -0.057663 -0.060196
v -1.240416 -0.218908 -0.114799
v -1.240416 -0.218908 -0.060196
v -1.240416 0.103589 0.079274
v -1.307210 -0.057663 0.079274
v -1.240416 0.103589 0.133220
v -1.307210 -0.057663 0.133220
v -1.240416 -0.218908 0.079274
v -1.240416 -0.218908 0.133220
v 1.108104 0.308544 0.487157
v 1.207509 0.372812 0.534525
v 1.101808 0.319636 0.534525
v 1.212660 0.361148 0.487157
v 1.108966 0.308399 0.447027
v 1.212265 0.360372 0.447027
v 1.108966 0.308399 0.296373
v 1.212265 0.360372 0.296373
v 1.207509 0.372812 -0.535840
v 1.108104 0.308544 -0.489131
v 1.101808 0.319636 -0.535840
v 1.212660 0.361148 -0.489131
v 1.108966 0.308399 -0.449001
v 1.212265 0.360372 -0.449001
v 1.108966 0.308399 -0.298347
v 1.212265 0.360372 -0.298347
v -1.072750 -0.267696 -0.061511
v 0.629354 -0.267696 -0.061511
v 0.629354 -0.267696 -0.018092
v -1.072750 -0.267696 -0.018092
v -1.211489 -0.204685 -0.061511
v -1.211489 -0.204685 -0.018092
v 0.629354 -0.267696 0.079932
v -1.072750 -0.267696 0.079932
v 0.629354 -0.267696 0.036512
v -1.072750 -0.267696 0.036512
v -1.211489 -0.204685 0.079932
v -1.211489 -0.204685 0.036512
v 0.170814 -0.032361 0.506236
v 0.164426 -0.032269 0.444395
v 0.210465 -0.069380 0.449001
v 0.175946 -0.045433 0.395055
v 0.260397 -0.126418 0.298347
v 0.260397 -0.126418 0.449001
v 0.176229 -0.047117 0.298347
v 0.164426 -0.032269 -0.442422
v 0.170814 -0.032361 -0.503604
v 0.210458 -0.069380 -0.447027
v 0.175946 -0.045433 -0.393081
v 0.260397 -0.126418 -0.296373
v 0.260397 -0.126418 -0.447027
v 0.176229 -0.047117 -0.296373
v 1.216127 -0.315202 0.404923
v 1.216127 -0.315202 -0.384529
v 1.238712 -0.324557 -0.384529
v 1.261304 -0.315202 -0.384529
v 1.261304 -0.315202 0.404923
v 1.238712 -0.324557 0.404923
v 0.537192 0.363727 0.404923
v 0.537192 0.363727 -0.384529
v 0.559784 0.354372 -0.384529
v 0.582369 0.363727 -0.384529
v 0.582369 0.363727 0.404923
v 0.559784 0.354372 0.404923
v 0.537192 -0.315202 -0.384529
v 0.559784 -0.324557 0.404923
v 0.537192 -0.315202 0.404923
v 0.559784 -0.324557 -0.384529
v 0.582369 -0.315202 -0.384529
v 0.582369 -0.315202 0.404923
v 0.011740 0.683626 0.395055
v 0.122033 0.664554 0.441106
v 0.009510 0.661264 0.437817
v 0.124388 0.689921 0.393739
v 0.009503 0.684369 0.009539
v 0.126954 0.691198 0.009539
v 0.124388 0.689921 -0.391107
v 0.011740 0.683626 -0.392423
v 0.122033 0.664554 -0.439132
v 0.009510 0.661264 -0.435843
v 1.216127 0.363727 -0.384529
v 1.238712 0.354372 -0.384529
v 1.216127 0.363727 -0.367424
v 1.238712 0.354372 -0.367424
v 1.261304 0.363727 -0.367424
v 1.261304 0.363727 -0.384529
v 1.111446 0.915645 0.393081
v 1.213048 0.868673 0.439132
v 1.103505 0.894620 0.435843
v 1.221884 0.892567 0.391765
v 1.109472 0.916941 0.007566
v 1.224693 0.893140 0.007566
v 1.221884 0.892567 -0.393739
v 1.111446 0.915645 -0.394397
v 1.213048 0.868673 -0.441106
v 1.103505 0.894620 -0.437817
v -1.079170 -0.285696 -0.114799
v -1.240416 -0.218908 -0.060196
v -1.240416 -0.218908 -0.114799
v -1.079170 -0.285696 -0.060196
v -0.917925 -0.218908 -0.114799
v -0.917925 -0.218908 -0.060196
v -1.240416 -0.218908 0.079274
v -1.079170 -0.285696 0.079274
v -1.240416 -0.218908 0.133220
v -1.079170 -0.285696 0.133220
v -0.917925 -0.218908 0.079274
v -0.917925 -0.218908 0.133220
v 1.202674 0.825898 -0.582550
v 1.117400 0.977525 -0.517420
v 1.233258 0.950039 -0.520709
v 1.086315 0.846739 -0.582550
v 1.155918 0.667258 -0.582550
v 1.041987 0.688020 -0.583865
v 1.134873 0.583398 -0.581892
v 1.019087 0.586299 -0.583865
v 1.152254 0.482329 -0.581234
v 1.050777 0.425297 -0.583207
v 1.170984 0.443988 -0.581892
v 1.066427 0.391384 -0.581892
v 1.192759 0.402114 -0.568734
v 1.087065 0.348938 -0.568734
v 1.207509 0.372812 -0.535840
v 1.101808 0.319636 -0.535840
v 1.270659 -0.292617 -0.384529
v 1.238712 -0.260670 -0.384529
v 1.261304 -0.270025 -0.384529
v 1.238712 -0.324557 -0.384529
v 1.261304 -0.315202 -0.384529
v 1.206766 -0.292617 -0.384529
v 1.216127 -0.270025 -0.384529
v 1.216127 -0.315202 -0.384529
v 0.591724 0.386318 -0.384529
v 0.559784 0.418258 -0.384529
v 0.582369 0.408903 -0.384529
v 0.582369 0.363727 -0.384529
v 0.537192 0.363727 -0.384529
v 0.559784 0.354372 -0.384529
v 0.527837 0.386318 -0.384529
v 0.537192 0.408903 -0.384529
v 1.238712 0.354372 -0.384529
v 1.216127 0.408903 -0.384529
v 1.261304 0.363727 -0.384529
v 1.270659 0.386318 -0.384529
v 1.216127 0.363727 -0.384529
v 1.206766 0.386318 -0.384529
v 1.261304 0.408903 -0.384529
v 1.238712 0.418265 -0.384529
v 0.559784 -0.324557 -0.384529
v 0.591724 -0.292617 -0.384529
v 0.582369 -0.315202 -0.384529
v 0.582369 -0.270025 -0.384529
v 0.537192 -0.270025 -0.384529
v 0.559784 -0.260670 -0.384529
v 0.527837 -0.292617 -0.384529
v 0.537192 -0.315202 -0.384529
v -1.307210 -0.057663 -0.114799
v -1.079170 -0.285696 -0.114799
v -1.240416 -0.218908 -0.114799
v -0.851131 -0.057663 -0.114799
v -0.917925 -0.218908 -0.114799
v -1.079170 0.170377 -0.114799
v -0.917925 0.103589 -0.114799
v -1.240416 0.103589 -0.114799
v 0.629354 -0.267696 -0.061511
v -1.072750 0.152371 -0.061511
v 0.629354 0.152371 -0.061511
v -1.072750 -0.267696 -0.061511
v -1.211489 0.089366 -0.061511
v -1.211489 -0.204685 -0.061511
v -1.271494 -0.057663 -0.061511
v 0.123085 0.620548 -0.580576
v 0.001477 0.744940 -0.515446
v 0.120500 0.748374 -0.518735
v 0.005299 0.610562 -0.580576
v 0.156229 0.279545 -0.580576
v 0.042068 0.260091 -0.581234
v 0.184189 0.158726 -0.579260
v 0.074396 0.121845 -0.581892
v 0.241589 0.051834 -0.579260
v 0.165742 -0.036466 -0.580576
v 0.272305 0.022210 -0.579260
v 0.192044 -0.062985 -0.579260
v 0.307093 -0.009691 -0.566760
v 0.225957 -0.095813 -0.566760
v 0.330968 -0.032183 -0.533867
v 0.249832 -0.118306 -0.533867
v -1.211489 0.089366 0.036512
v -1.211489 -0.204685 0.036512
v -1.271494 -0.057663 0.036512
v -1.072750 -0.267696 0.036512
v -1.072750 0.152371 0.036512
v 0.629354 0.152371 0.036512
v 0.629354 -0.267696 0.036512
v 0.008319 0.619068 0.466105
v 0.156229 0.279492 0.468079
v 0.042094 0.260045 0.467421
v 0.183610 0.160114 0.468079
v 0.120191 0.629581 0.464790
v 0.073837 0.123194 0.466763
v 0.009510 0.661264 0.437817
v 0.212136 0.103004 0.466105
v 0.122033 0.664554 0.441106
v 0.139697 0.011033 0.464790
v 0.244062 0.057998 0.447685
v 0.164426 -0.032269 0.444395
v -1.307210 -0.057663 0.079274
v -0.851131 -0.057663 0.079274
v -1.079170 -0.285696 0.079274
v -0.917925 -0.218908 0.079274
v -1.240416 -0.218908 0.079274
v -1.079170 0.170377 0.079274
v -0.917925 0.103589 0.079274
v -1.240416 0.103589 0.079274
v 1.155899 0.667218 0.466105
v 1.091433 0.854173 0.463474
v 1.202213 0.835371 0.462816
v 1.103505 0.894620 0.435843
v 1.042000 0.687974 0.465448
v 1.213048 0.868673 0.439132
v 1.134801 0.584898 0.466105
v 1.019021 0.587753 0.464132
v 1.142077 0.540491 0.464132
v 1.042553 0.478842 0.462816
v 1.156681 0.487282 0.445711
v 1.050980 0.429692 0.442422
vt 57.9348 -53 
vt 58.0816 -52.9274 
vt 57.9348 -52.9274 
vt 58.0816 -53 
vt 57.9348 -53.0726 
vt 58.0816 -53.0726 
vt 57.9184 -53 
vt 57.9638 -52.9543 
vt 57.9184 -52.9543 
vt 57.9638 -53 
vt 57.9184 -53.0458 
vt 57.9638 -53.0458 
vt 58.0772 -53.0342 
vt 57.9942 -53.0439 
vt 58.0222 -53.0439 
vt 58.0772 -53.0682 
vt 58.0222 -53.0682 
vt 57.9392 -53.0682 
vt 57.9942 -53.0682 
vt 57.9392 -53.0342 
vt 58.0772 -52.9706 
vt 57.9392 -52.9706 
vt 58.0772 -52.9447 
vt 57.9392 -52.9447 
vt 58.0772 -52.9335 
vt 57.9392 -52.9335 
vt 58.0355 -53.0816 
vt 57.9629 -52.9348 
vt 57.9629 -53.0816 
vt 57.8902 -52.9348 
vt 58.0355 -52.9348 
vt 57.8902 -53.0816 
vt 58.0087 -52.9638 
vt 57.9629 -52.9184 
vt 57.9629 -52.9638 
vt 57.9172 -52.9184 
vt 58.0087 -52.9184 
vt 57.9172 -52.9638 
vt 58.0969 -53.0772 
vt 58.0969 -52.9392 
vt 58.0769 -52.9392 
vt 58.0769 -53.0772 
vt 58.0336 -52.9392 
vt 58.0336 -53.0772 
vt 58.0371 -53.0647 
vt 58.1018 -53 
vt 57.9723 -53 
vt 58.0828 -53.0458 
vt 57.9913 -53.0458 
vt 58.0371 -52.9353 
vt 58.0828 -52.9543 
vt 57.9913 -52.9543 
vt 57.9645 -53.0726 
vt 58.0371 -52.8973 
vt 57.9344 -53 
vt 57.9645 -52.9274 
vt 58.1098 -53.0726 
vt 58.0371 -53.1027 
vt 58.1399 -53 
vt 58.1098 -52.9274 
vt 57.9231 -52.9311 
vt 57.963 -52.9447 
vt 57.9664 -52.9335 
vt 57.9621 -52.9706 
vt 57.8974 -52.9533 
vt 57.9031 -52.9425 
vt 57.9684 -53.0342 
vt 57.8601 -53.0051 
vt 57.8657 -53.0477 
vt 57.8998 -53.0738 
vt 57.9423 -53.0682 
vt 57.959 -52.9631 
vt 57.8974 -52.9533 
vt 57.9574 -53.0027 
vt 57.9005 -52.9474 
vt 57.8601 -53.0051 
vt 57.8657 -53.0477 
vt 57.8998 -53.0738 
vt 57.9609 -53.0439 
vt 57.9423 -53.0682 
vt 57.9184 -53 
vt 58.0652 -52.9274 
vt 57.9184 -52.9274 
vt 58.0652 -53 
vt 57.9184 -53.0726 
vt 58.0652 -53.0726 
vt 58.0362 -53 
vt 58.0816 -52.9543 
vt 58.0362 -52.9543 
vt 58.0816 -53 
vt 58.0362 -53.0458 
vt 58.0816 -53.0458 
vt 57.9778 -52.9631 
vt 57.9778 -53.0027 
vt 58.0058 -53.0027 
vt 58.0058 -52.9631 
vt 58.0058 -53.0439 
vt 57.9778 -53.0439 
vt 57.9228 -53.0051 
vt 57.9228 -53.0477 
vt 57.9778 -53.0477 
vt 57.9778 -53.0051 
vt 57.9228 -52.9533 
vt 57.9778 -52.9533 
vt 57.9778 -52.9474 
vt 57.9228 -52.9425 
vt 58.0058 -52.9474 
vt 58.0608 -52.9425 
vt 58.0608 -52.9533 
vt 58.0058 -52.9533 
vt 58.0608 -53.0051 
vt 58.0058 -53.0051 
vt 58.0058 -53.0477 
vt 58.0608 -53.0477 
vt 58.0371 -53.0816 
vt 57.9645 -52.9348 
vt 57.9645 -53.0816 
vt 58.0371 -52.9348 
vt 58.1098 -53.0816 
vt 58.1098 -52.9348 
vt 58.0371 -52.9638 
vt 57.9913 -52.9184 
vt 57.9913 -52.9638 
vt 58.0371 -52.9184 
vt 58.0828 -52.9638 
vt 58.0828 -52.9184 
vt 57.8998 -53.0772 
vt 57.9423 -53.0772 
vt 57.9423 -53.0222 
vt 57.8998 -53.0222 
vt 57.8657 -53.0772 
vt 57.8657 -53.0222 
vt 57.8998 -52.9942 
vt 57.8657 -52.9392 
vt 57.8657 -52.9942 
vt 57.8998 -52.9392 
vt 57.9423 -52.9942 
vt 57.9423 -52.9392 
vt 57.9005 -53.0222 
vt 57.959 -53.0222 
vt 57.959 -52.9942 
vt 57.9005 -52.9942 
vt 57.8601 -53 
vt 57.9629 -52.8973 
vt 57.8902 -52.9274 
vt 57.8902 -53.0726 
vt 58.0355 -53.0726 
vt 57.9629 -53.1027 
vt 58.0656 -53 
vt 58.0355 -52.9274 
vt 58.1002 -53.0738 
vt 58.0316 -53.0342 
vt 58.0577 -53.0682 
vt 58.1343 -53.0477 
vt 58.1399 -53.0051 
vt 58.1026 -52.9533 
vt 58.0379 -52.9706 
vt 58.0769 -52.9311 
vt 58.0969 -52.9425 
vt 58.037 -52.9447 
vt 58.0336 -52.9335 
vt 58.041 -52.9631 
vt 58.1026 -52.9533 
vt 58.0995 -52.9474 
vt 58.0426 -53.0027 
vt 58.1399 -53.0051 
vt 58.1343 -53.0477 
vt 58.1002 -53.0738 
vt 58.0391 -53.0439 
vt 58.0577 -53.0682 
vt 34.0207 -39.0161 
vt 33.9832 -39.0161 
vt 33.9834 -39.0498 
vt 34.0205 -39.0498 
vt 33.9834 -39.0844 
vt 34.0205 -39.0844 
vt 33.9832 -39.1182 
vt 34.0207 -39.1182 
vt 33.9111 -38.8922 
vt 34.0889 -38.8748 
vt 33.9111 -38.8748 
vt 34.0889 -38.8922 
vt 33.9111 -38.9051 
vt 34.0889 -38.9051 
vt 33.9134 -38.9294 
vt 34.0864 -38.9128 
vt 33.9134 -38.9128 
vt 34.0864 -38.9294 
vt 33.9134 -38.9449 
vt 34.0864 -38.9449 
vt 33.9727 -39.0203 
vt 33.955 -38.9833 
vt 33.955 -39.0205 
vt 33.9727 -38.9835 
vt 33.9323 -38.9833 
vt 33.9323 -39.0205 
vt 33.8121 -39.0207 
vt 33.8121 -38.9832 
vt 33.9712 -39.0889 
vt 33.9537 -38.9111 
vt 33.9537 -39.0889 
vt 33.9409 -38.9111 
vt 33.9712 -38.9111 
vt 33.9409 -39.0889 
vt 33.9121 -39.0202 
vt 33.8437 -38.9838 
vt 33.8437 -39.02 
vt 33.9121 -38.9836 
vt 33.9404 -39.0205 
vt 33.9404 -38.9834 
vt 34.187 -39.0864 
vt 34.1703 -38.9134 
vt 34.1703 -39.0864 
vt 34.1549 -38.9134 
vt 34.187 -38.9134 
vt 34.1549 -39.0864 
vt 34.0481 -38.9051 
vt 34.0178 -38.8941 
vt 34.0307 -38.9059 
vt 34.017 -38.8766 
vt 34.0599 -38.8922 
vt 34.0463 -38.863 
vt 34.0591 -38.8748 
vt 34.0288 -38.8638 
vt 33.8102 -38.9421 
vt 33.813 -38.91 
vt 33.805 -38.9254 
vt 33.8451 -38.9128 
vt 33.8297 -38.9047 
vt 33.8423 -38.9449 
vt 33.8257 -38.9501 
vt 33.8504 -38.9294 
vt 34.1879 -39.0161 
vt 34.0677 -38.9818 
vt 34.1596 -39.033 
vt 34.195 -39.0498 
vt 34.0679 -39.0173 
vt 34.1686 -39.055 
vt 34.0537 -39.0188 
vt 34.1934 -39.0844 
vt 34.045 -38.9848 
vt 34.0273 -38.9947 
vt 34.0407 -39.028 
vt 34.1676 -39.0768 
vt 34.1563 -39.0988 
vt 34.1829 -39.1182 
vt 34.0902 -39.137 
vt 34.0879 -39.1064 
vt 34.0497 -39.1315 
vt 34.0596 -39.0952 
vt 33.9111 -38.8766 
vt 34.0889 -38.8638 
vt 33.9111 -38.8638 
vt 34.0889 -38.8766 
vt 33.9111 -38.8941 
vt 34.0889 -38.8941 
vt 33.9797 -39.055 
vt 34.0162 -39.033 
vt 33.98 -39.033 
vt 34.0164 -39.055 
vt 34.0164 -39.0768 
vt 33.9797 -39.0768 
vt 33.98 -39.0988 
vt 34.0162 -39.0988 
vt 33.9136 -38.91 
vt 34.0866 -38.9254 
vt 34.0866 -38.91 
vt 33.9136 -38.9254 
vt 34.0866 -38.9421 
vt 33.9136 -38.9421 
vt 34.1829 -38.9832 
vt 34.0902 -39.0205 
vt 34.1829 -39.0207 
vt 34.0902 -38.9834 
vt 34.0497 -38.9834 
vt 34.0497 -39.0205 
vt 34.0307 -39.0889 
vt 34.0178 -38.9111 
vt 34.0178 -39.0889 
vt 34.0307 -38.9111 
vt 34.0481 -39.0889 
vt 34.0481 -38.9111 
vt 34.1596 -38.9838 
vt 34.0679 -39.0203 
vt 34.1596 -39.02 
vt 34.0679 -38.9835 
vt 34.0537 -38.9837 
vt 34.0537 -39.0202 
vt 34.0407 -38.9833 
vt 34.0407 -39.0206 
vt 33.8257 -39.0864 
vt 33.8102 -38.9134 
vt 33.8102 -39.0864 
vt 33.8257 -38.9134 
vt 33.8423 -39.0864 
vt 33.8423 -38.9134 
vt 33.9537 -38.863 
vt 33.983 -38.8766 
vt 33.9712 -38.8638 
vt 33.9401 -38.8922 
vt 33.9409 -38.8748 
vt 33.9519 -38.9051 
vt 33.9822 -38.8941 
vt 33.9693 -38.9059 
vt 34.1549 -38.9128 
vt 34.1898 -38.9421 
vt 34.187 -38.91 
vt 34.195 -38.9254 
vt 34.1703 -38.9047 
vt 34.1577 -38.9449 
vt 34.1496 -38.9294 
vt 34.1743 -38.9501 
vt 33.9323 -38.9818 
vt 33.8404 -39.033 
vt 33.9321 -39.0173 
vt 33.9463 -39.0188 
vt 33.8121 -39.0161 
vt 33.955 -38.9848 
vt 33.9727 -38.9947 
vt 33.9593 -39.028 
vt 33.805 -39.0498 
vt 33.8314 -39.055 
vt 33.8066 -39.0844 
vt 33.8324 -39.0768 
vt 33.8437 -39.0988 
vt 33.8171 -39.1182 
vt 33.9098 -39.137 
vt 33.9121 -39.1064 
vt 33.9503 -39.1315 
vt 33.9404 -39.0952 
vt 37.9043 -8.97608 
vt 37.8899 -8.95638 
vt 37.8899 -8.97558 
vt 37.8899 -8.98286 
vt 37.8923 -8.99082 
vt 37.8985 -8.99639 
vt 37.9119 -8.96453 
vt 37.9114 -8.95609 
vt 37.9114 -8.94045 
vt 37.8896 -8.94044 
vt 37.9153 -8.97464 
vt 37.9151 -8.98627 
vt 37.9075 -8.9986 
vt 37.9252 -8.97894 
vt 37.9151 -8.99875 
vt 37.9437 -8.99875 
vt 37.9437 -8.97912 
vt 37.9121 -8.9085 
vt 37.8897 -8.9103 
vt 37.9014 -8.88671 
vt 37.9166 -8.90217 
vt 37.9256 -8.89763 
vt 37.927 -8.8759 
vt 37.9986 -8.89752 
vt 37.9986 -8.87563 
vt 38.0734 -8.8759 
vt 38.0748 -8.89763 
vt 38.099 -8.88671 
vt 38.0838 -8.90217 
vt 38.0883 -8.9085 
vt 38.1107 -8.9103 
vt 38.089 -8.94045 
vt 38.1108 -8.94044 
vt 38.1105 -8.95638 
vt 38.089 -8.95609 
vt 38.0885 -8.96453 
vt 38.0961 -8.97608 
vt 38.1105 -8.97558 
vt 38.1105 -8.98286 
vt 38.1081 -8.99082 
vt 38.0851 -8.97464 
vt 38.1019 -8.99639 
vt 38.0853 -8.98627 
vt 38.0929 -8.9986 
vt 38.0752 -8.97894 
vt 38.0853 -8.99875 
vt 38.0567 -8.99875 
vt 38.0567 -8.97912 
vt 37.8981 -9.0897 
vt 37.9071 -9.07509 
vt 37.8981 -9.07334 
vt 37.9071 -9.09127 
vt 37.9147 -9.07525 
vt 37.9147 -9.09124 
vt 37.9433 -9.09124 
vt 37.9433 -9.07525 
vt 38.0925 -9.07509 
vt 38.1015 -9.0897 
vt 38.1015 -9.07334 
vt 38.0925 -9.09127 
vt 38.0849 -9.07525 
vt 38.0849 -9.09124 
vt 38.0563 -9.09124 
vt 38.0563 -9.07525 
vt 38.0731 -9.11853 
vt 37.9231 -9.11853 
vt 37.9231 -9.12282 
vt 38.0731 -9.12282 
vt 37.9231 -9.12711 
vt 38.0731 -9.12711 
vt 38.0731 -8.98953 
vt 37.9231 -8.98953 
vt 37.9231 -8.99382 
vt 38.0731 -8.99382 
vt 37.9231 -8.99811 
vt 38.0731 -8.99811 
vt 37.9231 -9.12711 
vt 38.0731 -9.12711 
vt 38.0731 -9.12282 
vt 38.0731 -9.11853 
vt 37.9231 -9.11853 
vt 37.9231 -9.12282 
vt 37.911 -9.01412 
vt 37.9117 -8.9476 
vt 37.8893 -8.94932 
vt 37.8892 -9.01411 
vt 37.901 -8.92503 
vt 37.911 -9.0368 
vt 37.9162 -8.94096 
vt 37.8895 -9.03707 
vt 37.9252 -8.93614 
vt 37.9266 -8.91386 
vt 37.9982 -8.93589 
vt 37.9982 -8.91358 
vt 38.073 -8.91386 
vt 38.0744 -8.93614 
vt 38.0986 -8.92503 
vt 38.0834 -8.94096 
vt 38.0879 -8.9476 
vt 38.1103 -8.94932 
vt 38.0886 -9.01412 
vt 38.1104 -9.01411 
vt 38.0886 -9.0368 
vt 38.1101 -9.03707 
vt 38.0881 -9.04765 
vt 38.0957 -9.05835 
vt 38.1101 -9.05737 
vt 38.0847 -9.0562 
vt 38.0849 -9.0662 
vt 38.0748 -9.06013 
vt 37.9039 -9.05835 
vt 37.8895 -9.05737 
vt 37.9115 -9.04765 
vt 37.9149 -9.0562 
vt 37.9147 -9.0662 
vt 37.9248 -9.06013 
vt 38.0731 -8.99811 
vt 38.0731 -8.99382 
vt 38.0698 -8.99811 
vt 38.0731 -8.98953 
vt 38.0698 -8.98953 
vt 38.0698 -8.99382 
vt 38.0218 -9.07818 
vt 38.0218 -9.04754 
vt 38.0115 -9.04754 
vt 38.0115 -9.07818 
vt 38.0218 -9.10882 
vt 38.0115 -9.10882 
vt 37.985 -9.07818 
vt 37.985 -9.04754 
vt 37.9747 -9.04754 
vt 37.9747 -9.07818 
vt 37.985 -9.10882 
vt 37.9747 -9.10882 
vt 37.7622 -8.90142 
vt 37.7813 -8.92689 
vt 37.7842 -8.9021 
vt 37.7594 -8.92697 
vt 37.7812 -8.99863 
vt 37.7593 -8.99863 
vt 37.7594 -9.07344 
vt 37.7813 -9.07352 
vt 37.7622 -9.09899 
vt 37.7842 -9.09831 
vt 38.2004 -9.0035 
vt 38.2267 -9.01168 
vt 38.2267 -9.0035 
vt 38.2004 -9.01168 
vt 37.8769 -9.0035 
vt 37.8769 -9.01168 
vt 38.2267 -8.98486 
vt 38.2004 -8.98486 
vt 38.2267 -8.99304 
vt 38.2004 -8.99304 
vt 37.8769 -8.98486 
vt 37.8769 -8.99304 
vt 37.9737 -8.92656 
vt 37.9962 -8.90169 
vt 37.9736 -8.90101 
vt 37.996 -8.92648 
vt 37.996 -8.99822 
vt 37.9737 -8.99822 
vt 37.9737 -9.07303 
vt 37.996 -9.07311 
vt 37.9962 -9.0979 
vt 37.9736 -9.09858 
vt 37.7612 -8.92312 
vt 37.7612 -9.07307 
vt 37.7655 -9.07307 
vt 37.7569 -8.92312 
vt 37.7655 -8.92312 
vt 37.7569 -9.07307 
vt 37.8902 -8.92312 
vt 37.8902 -9.07307 
vt 37.8945 -9.07307 
vt 37.8859 -8.92312 
vt 37.8945 -8.92312 
vt 37.8859 -9.07307 
vt 37.8945 -9.07307 
vt 37.8945 -8.92312 
vt 37.8902 -8.92312 
vt 37.8902 -9.07307 
vt 37.8859 -8.92312 
vt 37.8859 -9.07307 
vt 37.9519 -9.09574 
vt 37.9448 -9.11014 
vt 37.9506 -9.11006 
vt 37.9382 -9.10772 
vt 37.9336 -9.10149 
vt 37.932 -9.09252 
vt 37.9436 -9.08493 
vt 37.932 -9.08493 
vt 37.9484 -9.07477 
vt 37.932 -9.05631 
vt 37.948 -9.05631 
vt 37.9448 -8.88946 
vt 37.9519 -8.90385 
vt 37.9506 -8.88954 
vt 37.9382 -8.89188 
vt 37.9336 -8.89811 
vt 37.932 -8.90708 
vt 37.9436 -8.91467 
vt 37.932 -8.91467 
vt 37.9484 -8.92483 
vt 37.932 -8.94329 
vt 37.948 -8.94329 
vt 37.7655 -9.07307 
vt 37.7655 -9.06981 
vt 37.7612 -9.06981 
vt 37.7612 -9.07307 
vt 37.7569 -9.06981 
vt 37.7569 -9.07307 
vt 37.7768 -8.91531 
vt 37.7956 -8.92533 
vt 37.7968 -8.91594 
vt 37.7764 -8.92523 
vt 37.7957 -8.94369 
vt 37.7761 -8.94369 
vt 37.7956 -9.07507 
vt 37.7768 -9.08509 
vt 37.7968 -9.08446 
vt 37.7764 -9.07517 
vt 37.7957 -9.05671 
vt 37.7761 -9.05671 
vt 38.2016 -9.02184 
vt 38.2322 -9.02184 
vt 38.2322 -9.01153 
vt 38.2016 -9.01153 
vt 38.1709 -9.02184 
vt 38.1709 -9.01153 
vt 38.2016 -8.98501 
vt 38.2322 -8.98501 
vt 38.2322 -8.9747 
vt 38.2016 -8.9747 
vt 38.1709 -8.98501 
vt 38.1709 -8.9747 
vt 38.2099 -8.90634 
vt 38.2015 -8.9365 
vt 38.2231 -8.94044 
vt 38.2191 -8.95638 
vt 38.232 -8.9103 
vt 38.1971 -8.95582 
vt 38.2158 -8.88149 
vt 38.2224 -8.97558 
vt 38.2378 -8.88671 
vt 38.2031 -8.98641 
vt 38.226 -8.98286 
vt 38.2061 -8.99286 
vt 38.21 -9.00092 
vt 38.2301 -8.99082 
vt 38.2329 -8.99639 
vt 38.2128 -9.00649 
vt 38.2345 -9.12711 
vt 38.2345 -9.11853 
vt 38.2328 -9.12282 
vt 38.2388 -9.11675 
vt 38.2431 -9.12711 
vt 38.2388 -9.12889 
vt 38.2431 -9.11853 
vt 38.2449 -9.12282 
vt 38.1055 -8.99811 
vt 38.1098 -8.98775 
vt 38.1038 -8.99382 
vt 38.1055 -8.98953 
vt 38.1098 -8.99989 
vt 38.1141 -8.99811 
vt 38.1141 -8.98953 
vt 38.1159 -8.99382 
vt 38.1098 -9.12889 
vt 38.1159 -9.12282 
vt 38.1141 -9.11853 
vt 38.1141 -9.12711 
vt 38.1055 -9.11853 
vt 38.1098 -9.11675 
vt 38.1038 -9.12282 
vt 38.1055 -9.12711 
vt 37.7551 -9.07818 
vt 37.8418 -9.07818 
vt 37.7984 -9.03485 
vt 37.8291 -9.04754 
vt 37.7678 -9.04754 
vt 37.7984 -9.12151 
vt 37.8291 -9.10882 
vt 37.7678 -9.10882 
vt 37.7733 -9.10611 
vt 37.7733 -9.05024 
vt 37.7619 -9.07818 
vt 37.7996 -9.11809 
vt 37.7996 -9.03827 
vt 38.1231 -9.03827 
vt 38.1231 -9.11809 
vt 38.0045 -8.95121 
vt 38.0115 -9.01781 
vt 38.0332 -9.01411 
vt 38.0385 -9.03707 
vt 38.0269 -8.94932 
vt 38.0176 -9.04407 
vt 38.0038 -8.92568 
vt 38.0494 -9.05737 
vt 38.0264 -8.92503 
vt 38.035 -9.07415 
vt 38.0552 -9.063 
vt 38.04 -9.07919 
vt 38.0618 -9.06907 
vt 38.0464 -9.08543 
vt 38.0664 -9.07334 
vt 38.0509 -9.0897 
vt 37.7733 -9.10611 
vt 37.7733 -9.05024 
vt 37.7619 -9.07818 
vt 37.7996 -9.11809 
vt 37.7996 -9.03827 
vt 38.1231 -9.11809 
vt 38.1231 -9.03827 
vt 37.8418 -9.07818 
vt 37.7551 -9.07818 
vt 37.7984 -9.12151 
vt 37.7678 -9.10882 
vt 37.8291 -9.10882 
vt 37.7984 -9.03485 
vt 37.8291 -9.04754 
vt 37.7678 -9.04754 
vt 38.0053 -8.94158 
vt 38.0263 -8.9476 
vt 38.0267 -8.94096 
vt 38.0051 -8.9496 
vt 38.0332 -9.01412 
vt 38.0115 -9.01781 
vt 38.0384 -9.0368 
vt 38.0175 -9.04382 
vt 38.0438 -9.04765 
vt 38.03 -9.06513 
vt 38.0498 -9.0562 
vt 38.0347 -9.07335 
vt 38.2431 -8.99811 
vt 38.2345 -8.99811 
vt 38.2388 -8.99989 
vt 38.2328 -8.99382 
vt 38.2431 -8.98953 
vt 38.2449 -8.99382 
vt 38.2345 -8.98953 
vt 38.2388 -8.98775 
vt 38.2131 -8.89724 
vt 38.2319 -8.9085 
vt 38.234 -8.90217 
vt 38.2108 -8.90493 
vt 38.2231 -8.94045 
vt 38.2015 -8.93651 
vt 38.2191 -8.95609 
vt 38.1971 -8.95555 
vt 38.2205 -8.96453 
vt 38.2016 -8.97624 
vt 38.2232 -8.97464 
vt 38.2032 -8.98558 
vt 37.9883 -9.07818 
vt 37.9883 -9.10611 
vt 37.9965 -9.10611 
vt 37.9965 -9.07818 
vt 37.9883 -9.05024 
vt 37.9965 -9.05024 
vt 38.007 -9.07818 
vt 38.007 -9.10611 
vt 38.0151 -9.10611 
vt 38.0151 -9.07818 
vt 38.007 -9.05024 
vt 38.0151 -9.05024 
vt 38.0886 -9.04382 
vt 38.0883 -9.06513 
vt 38.1109 -9.04407 
vt 38.0961 -9.07337 
vt 38.1108 -9.07415 
vt 38.1105 -9.07919 
vt 38.1081 -9.08543 
vt 38.1019 -9.0897 
vt 38.0845 -9.07335 
vt 38.0929 -9.09127 
vt 38.0853 -9.08041 
vt 38.0853 -9.09124 
vt 38.0751 -9.07586 
vt 38.0888 -9.01781 
vt 38.1107 -8.95121 
vt 38.0885 -8.9496 
vt 38.1109 -9.01781 
vt 38.0983 -8.92568 
vt 38.0832 -8.94158 
vt 38.075 -8.93733 
vt 38.0735 -8.91521 
vt 38.0018 -8.93719 
vt 38.0018 -8.91487 
vt 37.9269 -8.91521 
vt 37.9254 -8.93733 
vt 37.9021 -8.92568 
vt 37.9172 -8.94158 
vt 37.9119 -8.9496 
vt 37.8897 -8.95121 
vt 37.9116 -9.01781 
vt 37.8895 -9.01781 
vt 37.9118 -9.04382 
vt 37.8895 -9.04407 
vt 37.9121 -9.06513 
vt 37.9043 -9.07337 
vt 37.8896 -9.07415 
vt 37.8899 -9.07919 
vt 37.8923 -9.08543 
vt 37.8985 -9.0897 
vt 37.9159 -9.07335 
vt 37.9075 -9.09127 
vt 37.9151 -9.08041 
vt 37.9151 -9.09124 
vt 37.9253 -9.07586 
vt 38.0769 -9.11853 
vt 37.9269 -9.11853 
vt 37.9269 -9.12282 
vt 38.0769 -9.12282 
vt 38.0769 -9.12711 
vt 37.9269 -9.12711 
vt 38.0769 -8.98953 
vt 37.9269 -8.98953 
vt 37.9269 -8.99382 
vt 38.0769 -8.99382 
vt 37.9269 -8.99811 
vt 38.0769 -8.99811 
vt 38.0769 -9.12282 
vt 37.9269 -9.12282 
vt 37.9269 -9.12711 
vt 38.0769 -9.11853 
vt 38.0769 -9.12711 
vt 37.9269 -9.11853 
vt 38.0845 -9.07335 
vt 38.0851 -9.0562 
vt 38.0752 -9.06013 
vt 38.0751 -9.07586 
vt 38.0567 -9.06018 
vt 38.0567 -9.07618 
vt 37.9153 -9.0562 
vt 37.9159 -9.07335 
vt 37.9252 -9.06013 
vt 37.9253 -9.07586 
vt 37.9437 -9.06018 
vt 37.9437 -9.07618 
vt 37.9269 -8.99382 
vt 37.9269 -8.99811 
vt 37.9302 -8.99382 
vt 37.9269 -8.98953 
vt 37.9302 -8.99811 
vt 37.9302 -8.98953 
vt 38.0884 -8.93651 
vt 38.1103 -8.90634 
vt 38.0881 -8.90493 
vt 38.1105 -8.9365 
vt 38.0979 -8.88149 
vt 38.0882 -8.95555 
vt 38.0828 -8.89724 
vt 38.1105 -8.95582 
vt 38.0746 -8.89325 
vt 38.0879 -8.97624 
vt 38.0731 -8.87143 
vt 38.0014 -8.893 
vt 38.0014 -8.87111 
vt 37.9265 -8.87143 
vt 37.925 -8.89325 
vt 37.9017 -8.88149 
vt 37.9168 -8.89724 
vt 37.9115 -8.90493 
vt 37.8893 -8.90634 
vt 37.9112 -8.93651 
vt 37.8891 -8.9365 
vt 37.9114 -8.95555 
vt 37.8891 -8.95582 
vt 37.9117 -8.97624 
vt 37.8892 -8.98641 
vt 37.9039 -8.98601 
vt 37.8895 -8.99286 
vt 37.8919 -9.00092 
vt 37.9155 -8.98558 
vt 37.8981 -9.00649 
vt 37.9147 -8.9952 
vt 37.9071 -9.0086 
vt 37.9249 -8.98868 
vt 37.9147 -9.00863 
vt 37.9433 -9.00863 
vt 37.9433 -8.989 
vt 38.1104 -8.98641 
vt 38.0957 -8.98601 
vt 38.1101 -8.99286 
vt 38.1077 -9.00092 
vt 38.0841 -8.98558 
vt 38.1015 -9.00649 
vt 38.0849 -8.9952 
vt 38.0925 -9.0086 
vt 38.0747 -8.98868 
vt 38.0849 -9.00863 
vt 38.0563 -9.00863 
vt 38.0563 -8.989 
vt 37.9782 -9.07818 
vt 37.9885 -9.04754 
vt 37.9782 -9.04754 
vt 37.9885 -9.07818 
vt 37.9782 -9.10882 
vt 37.9885 -9.10882 
vt 38.015 -9.04754 
vt 38.015 -9.07818 
vt 38.0253 -9.04754 
vt 38.0253 -9.07818 
vt 38.015 -9.10882 
vt 38.0253 -9.10882 
vt 38.214 -8.90748 
vt 38.2329 -8.89851 
vt 38.2128 -8.89851 
vt 38.2339 -8.90748 
vt 38.2142 -8.91507 
vt 38.2338 -8.91507 
vt 38.2142 -8.94369 
vt 38.2338 -8.94369 
vt 38.2329 -9.10189 
vt 38.214 -9.09292 
vt 38.2128 -9.10189 
vt 38.2339 -9.09292 
vt 38.2142 -9.08533 
vt 38.2338 -9.08533 
vt 38.2142 -9.05671 
vt 38.2338 -9.05671 
vt 37.7996 -9.01168 
vt 38.1231 -9.01168 
vt 38.1231 -9.0035 
vt 37.7996 -9.0035 
vt 37.7733 -9.01168 
vt 37.7733 -9.0035 
vt 38.1231 -8.98486 
vt 37.7996 -8.98486 
vt 38.1231 -8.99304 
vt 37.7996 -8.99304 
vt 37.7733 -8.98486 
vt 37.7733 -8.99304 
vt 38.0359 -8.90385 
vt 38.0347 -8.91554 
vt 38.0435 -8.91467 
vt 38.0369 -8.92493 
vt 38.0529 -8.94329 
vt 38.0529 -8.91467 
vt 38.037 -8.94329 
vt 38.0347 -9.08406 
vt 38.0359 -9.09575 
vt 38.0435 -9.08493 
vt 38.0369 -9.07467 
vt 38.0529 -9.05631 
vt 38.0529 -9.08493 
vt 38.037 -9.05631 
vt 38.2345 -8.92312 
vt 38.2345 -9.07307 
vt 38.2388 -9.07307 
vt 38.2431 -9.07307 
vt 38.2431 -8.92312 
vt 38.2388 -8.92312 
vt 38.1055 -8.92312 
vt 38.1055 -9.07307 
vt 38.1098 -9.07307 
vt 38.1141 -9.07307 
vt 38.1141 -8.92312 
vt 38.1098 -8.92312 
vt 38.1055 -9.07307 
vt 38.1098 -8.92312 
vt 38.1055 -8.92312 
vt 38.1098 -9.07307 
vt 38.1141 -9.07307 
vt 38.1141 -8.92312 
vt 38.0057 -8.92498 
vt 38.0267 -8.91618 
vt 38.0053 -8.91679 
vt 38.0271 -8.92519 
vt 38.0053 -8.99822 
vt 38.0276 -8.99822 
vt 38.0271 -9.0744 
vt 38.0057 -9.07462 
vt 38.0267 -9.08342 
vt 38.0053 -9.0828 
vt 38.2345 -9.07307 
vt 38.2388 -9.07307 
vt 38.2345 -9.06981 
vt 38.2388 -9.06981 
vt 38.2431 -9.06981 
vt 38.2431 -9.07307 
vt 38.2147 -8.92538 
vt 38.234 -8.91658 
vt 38.2131 -8.9172 
vt 38.2356 -8.9256 
vt 38.2143 -8.99863 
vt 38.2362 -8.99863 
vt 38.2356 -9.07481 
vt 38.2147 -9.07502 
vt 38.234 -9.08382 
vt 38.2131 -9.08321 
vt 37.7984 -9.02184 
vt 37.7678 -9.01153 
vt 37.7678 -9.02184 
vt 37.7984 -9.01153 
vt 37.8291 -9.02184 
vt 37.8291 -9.01153 
vt 37.7678 -8.98501 
vt 37.7984 -8.98501 
vt 37.7678 -8.9747 
vt 37.7984 -8.9747 
vt 37.8291 -8.98501 
vt 37.8291 -8.9747 
vt 37.768 -8.9103 
vt 37.7842 -8.88149 
vt 37.7622 -8.88671 
vt 37.7901 -8.90634 
vt 37.7769 -8.94044 
vt 37.7985 -8.9365 
vt 37.7809 -8.95638 
vt 37.8029 -8.95582 
vt 37.7776 -8.97558 
vt 37.7969 -8.98641 
vt 37.774 -8.98286 
vt 37.7939 -8.99286 
vt 37.7699 -8.99082 
vt 37.79 -9.00092 
vt 37.7671 -8.99639 
vt 37.7872 -9.00649 
vt 37.7551 -9.12282 
vt 37.7612 -9.11675 
vt 37.7569 -9.11853 
vt 37.7612 -9.12889 
vt 37.7569 -9.12711 
vt 37.7672 -9.12282 
vt 37.7655 -9.11853 
vt 37.7655 -9.12711 
vt 37.8841 -8.99382 
vt 37.8902 -8.98775 
vt 37.8859 -8.98953 
vt 37.8859 -8.99811 
vt 37.8945 -8.99811 
vt 37.8902 -8.99989 
vt 37.8962 -8.99382 
vt 37.8945 -8.98953 
vt 37.7612 -8.99989 
vt 37.7655 -8.98953 
vt 37.7569 -8.99811 
vt 37.7551 -8.99382 
vt 37.7655 -8.99811 
vt 37.7672 -8.99382 
vt 37.7569 -8.98953 
vt 37.7612 -8.98775 
vt 37.8902 -9.12889 
vt 37.8841 -9.12282 
vt 37.8859 -9.12711 
vt 37.8859 -9.11853 
vt 37.8945 -9.11853 
vt 37.8902 -9.11675 
vt 37.8962 -9.12282 
vt 37.8945 -9.12711 
vt 38.2449 -9.07818 
vt 38.2016 -9.12151 
vt 38.2322 -9.10882 
vt 38.1582 -9.07818 
vt 38.1709 -9.10882 
vt 38.2016 -9.03485 
vt 38.1709 -9.04754 
vt 38.2322 -9.04754 
vt 37.8769 -9.11809 
vt 38.2004 -9.03827 
vt 37.8769 -9.03827 
vt 38.2004 -9.11809 
vt 38.2267 -9.05024 
vt 38.2267 -9.10611 
vt 38.2381 -9.07818 
vt 37.9731 -8.94932 
vt 37.9962 -8.92568 
vt 37.9736 -8.92503 
vt 37.9955 -8.95121 
vt 37.9668 -9.01411 
vt 37.9885 -9.01781 
vt 37.9615 -9.03707 
vt 37.9824 -9.04407 
vt 37.9506 -9.05737 
vt 37.965 -9.07415 
vt 37.9448 -9.063 
vt 37.96 -9.07919 
vt 37.9382 -9.06907 
vt 37.9536 -9.08543 
vt 37.9336 -9.07334 
vt 37.9491 -9.0897 
vt 38.2267 -9.05024 
vt 38.2267 -9.10611 
vt 38.2381 -9.07818 
vt 38.2004 -9.11809 
vt 38.2004 -9.03827 
vt 37.8769 -9.03827 
vt 37.8769 -9.11809 
vt 37.9949 -8.9496 
vt 37.9668 -9.01412 
vt 37.9885 -9.01781 
vt 37.9616 -9.0368 
vt 37.9737 -8.9476 
vt 37.9825 -9.04382 
vt 37.9947 -8.94158 
vt 37.9562 -9.04765 
vt 37.9733 -8.94096 
vt 37.97 -9.06513 
vt 37.9502 -9.0562 
vt 37.9653 -9.07335 
vt 38.2449 -9.07818 
vt 38.1582 -9.07818 
vt 38.2016 -9.12151 
vt 38.1709 -9.10882 
vt 38.2322 -9.10882 
vt 38.2016 -9.03485 
vt 38.1709 -9.04754 
vt 38.2322 -9.04754 
vt 37.7769 -8.94045 
vt 37.7892 -8.90493 
vt 37.7681 -8.9085 
vt 37.7869 -8.89724 
vt 37.7985 -8.93651 
vt 37.766 -8.90217 
vt 37.7809 -8.95609 
vt 37.8029 -8.95555 
vt 37.7795 -8.96453 
vt 37.7984 -8.97624 
vt 37.7768 -8.97464 
vt 37.7968 -8.98558 
vn 1.0000 0.0000 -0.0000
vn 0.7087 0.7087 -0.0000
vn 0.7087 0.7087 -0.0000
vn 1.0000 0.0000 -0.0000
vn 0.7087 -0.7087 -0.0000
vn 0.7087 -0.7087 -0.0000
vn 1.0000 0.0000 -0.0000
vn 0.7087 0.7087 -0.0000
vn 0.7087 0.7087 -0.0000
vn 1.0000 0.0000 -0.0000
vn 0.7087 -0.7087 -0.0000
vn 0.7087 -0.7087 -0.0000
vn 0.9606 -0.2756 -0.0000
vn -0.2835 -0.9606 -0.0000
vn -0.2835 -0.9606 -0.0000
vn 0.4961 -0.8661 -0.0000
vn 0.4961 -0.8661 -0.0000
vn 0.4961 -0.8661 -0.0000
vn 0.4961 -0.8661 -0.0000
vn 0.9606 -0.2756 -0.0000
vn 1.0000 0.0315 -0.0000
vn 1.0000 0.0315 -0.0000
vn 0.9843 -0.1654 -0.0000
vn 0.9843 -0.1654 -0.0000
vn 0.9606 -0.2835 -0.0000
vn 0.9606 -0.2835 -0.0000
vn -0.7087 0.7087 -0.0000
vn 0.0000 1.0000 -0.0000
vn 0.0000 1.0000 -0.0000
vn 0.7087 0.7087 -0.0000
vn -0.7087 0.7087 -0.0000
vn 0.7087 0.7087 -0.0000
vn -0.7087 0.7087 -0.0000
vn 0.0000 1.0000 -0.0000
vn 0.0000 1.0000 -0.0000
vn 0.7087 0.7087 -0.0000
vn -0.7087 0.7087 -0.0000
vn 0.7087 0.7087 -0.0000
vn -0.7165 0.6929 -0.0000
vn -0.7165 0.6929 -0.0000
vn -0.2283 0.9764 -0.0000
vn -0.2283 0.9764 -0.0000
vn 0.0551 1.0000 -0.0000
vn 0.0551 1.0000 -0.0000
vn 0.0000 0.0000 1.0000
vn 0.0000 0.0000 1.0000
vn 0.0000 0.0000 1.0000
vn 0.0000 0.0000 1.0000
vn 0.0000 0.0000 1.0000
vn 0.0000 0.0000 1.0000
vn 0.0000 0.0000 1.0000
vn 0.0000 0.0000 1.0000
vn 0.0000 0.0000 1.0000
vn 0.0000 0.0000 1.0000
vn 0.0000 0.0000 1.0000
vn 0.0000 0.0000 1.0000
vn 0.0000 0.0000 1.0000
vn 0.0000 0.0000 1.0000
vn 0.0000 0.0000 1.0000
vn 0.0000 0.0000 1.0000
vn 0.0000 0.0000 1.0000
vn 0.0000 0.0000 1.0000
vn 0.0000 0.0000 1.0000
vn 0.0000 0.0000 1.0000
vn 0.0000 0.0000 1.0000
vn 0.0000 0.0000 1.0000
vn 0.0000 0.0000 1.0000
vn 0.0000 0.0000 1.0000
vn 0.0000 0.0000 1.0000
vn 0.0000 0.0000 1.0000
vn 0.0000 0.0000 1.0000
vn 0.0000 0.0000 1.0000
vn 0.0000 0.0000 1.0000
vn 0.0000 0.0000 1.0000
vn 0.0000 0.0000 1.0000
vn 0.0000 0.0000 1.0000
vn 0.0000 0.0000 1.0000
vn 0.0000 0.0000 1.0000
vn 0.0000 0.0000 1.0000
vn 0.0000 0.0000 1.0000
vn -1.0000 0.0000 -0.0000
vn -0.7087 0.7087 -0.0000
vn -0.7087 0.7087 -0.0000
vn -1.0000 0.0000 -0.0000
vn -0.7087 -0.7087 -0.0000
vn -0.7087 -0.7087 -0.0000
vn -1.0000 0.0000 -0.0000
vn -0.7087 0.7087 -0.0000
vn -0.7087 0.7087 -0.0000
vn -1.0000 0.0000 -0.0000
vn -0.7087 -0.7087 -0.0000
vn -0.7087 -0.7087 -0.0000
vn -1.0000 0.0394 -0.0000
vn -1.0000 -0.0236 -0.0000
vn -1.0000 -0.0236 -0.0000
vn -1.0000 0.0394 -0.0000
vn -0.2835 -0.9606 -0.0000
vn -0.2835 -0.9606 -0.0000
vn -0.9685 0.2441 -0.0000
vn -0.8661 -0.4961 -0.0000
vn -0.8661 -0.4961 -0.0000
vn -0.9685 0.2441 -0.0000
vn -0.8504 0.5276 -0.0000
vn -0.8504 0.5276 -0.0000
vn -0.8819 0.4646 -0.0000
vn -0.7165 0.6929 -0.0000
vn -0.8819 0.4646 -0.0000
vn -0.7165 0.6929 -0.0000
vn -0.8504 0.5276 -0.0000
vn -0.8504 0.5276 -0.0000
vn -0.9685 0.2441 -0.0000
vn -0.9685 0.2441 -0.0000
vn -0.8661 -0.4961 -0.0000
vn -0.8661 -0.4961 -0.0000
vn 0.0000 -1.0000 -0.0000
vn -0.7087 -0.7087 -0.0000
vn -0.7087 -0.7087 -0.0000
vn 0.0000 -1.0000 -0.0000
vn 0.7087 -0.7087 -0.0000
vn 0.7087 -0.7087 -0.0000
vn 0.0000 -1.0000 -0.0000
vn -0.7087 -0.7087 -0.0000
vn -0.7087 -0.7087 -0.0000
vn 0.0000 -1.0000 -0.0000
vn 0.7087 -0.7087 -0.0000
vn 0.7087 -0.7087 -0.0000
vn -0.2598 -0.9685 -0.0000
vn 0.4961 -0.8661 -0.0000
vn 0.4961 -0.8661 -0.0000
vn -0.2598 -0.9685 -0.0000
vn -0.8661 -0.4961 -0.0000
vn -0.8661 -0.4961 -0.0000
vn -0.2598 -0.9685 -0.0000
vn -0.8661 -0.4961 -0.0000
vn -0.8661 -0.4961 -0.0000
vn -0.2598 -0.9685 -0.0000
vn 0.4961 -0.8661 -0.0000
vn 0.4961 -0.8661 -0.0000
vn -0.2598 -0.9685 -0.0000
vn -0.2598 -0.9685 -0.0000
vn -0.2598 -0.9685 -0.0000
vn -0.2598 -0.9685 -0.0000
vn 0.0000 0.0000 -1.0000
vn 0.0000 0.0000 -1.0000
vn 0.0000 0.0000 -1.0000
vn 0.0000 0.0000 -1.0000
vn 0.0000 0.0000 -1.0000
vn 0.0000 0.0000 -1.0000
vn 0.0000 0.0000 -1.0000
vn 0.0000 0.0000 -1.0000
vn 0.0000 0.0000 -1.0000
vn 0.0000 0.0000 -1.0000
vn 0.0000 0.0000 -1.0000
vn 0.0000 0.0000 -1.0000
vn 0.0000 0.0000 -1.0000
vn 0.0000 0.0000 -1.0000
vn 0.0000 0.0000 -1.0000
vn 0.0000 0.0000 -1.0000
vn 0.0000 0.0000 -1.0000
vn 0.0000 0.0000 -1.0000
vn 0.0000 0.0000 -1.0000
vn 0.0000 0.0000 -1.0000
vn 0.0000 0.0000 -1.0000
vn 0.0000 0.0000 -1.0000
vn 0.0000 0.0000 -1.0000
vn 0.0000 0.0000 -1.0000
vn 0.0000 0.0000 -1.0000
vn 0.0000 0.0000 -1.0000
vn 0.0000 0.0000 -1.0000
vn 0.0000 0.0000 -1.0000
vn 0.7323 0.6850 -0.0000
vn 0.7323 0.6850 -0.0000
vn 1.0000 0.0787 -0.0000
vn 1.0000 0.0787 -0.0000
vn 0.9843 -0.1732 -0.0000
vn 0.9843 -0.1732 -0.0000
vn 0.6693 -0.7402 -0.0000
vn 0.6693 -0.7402 -0.0000
vn 0.9370 -0.3386 -0.0000
vn 0.9055 0.4252 -0.0000
vn 0.9055 0.4252 -0.0000
vn 0.9370 -0.3386 -0.0000
vn 0.4252 -0.9055 -0.0000
vn 0.4252 -0.9055 -0.0000
vn 1.0000 -0.0866 -0.0000
vn 0.7638 0.6457 -0.0000
vn 0.7638 0.6457 -0.0000
vn 1.0000 -0.0866 -0.0000
vn 0.6457 -0.7638 -0.0000
vn 0.6457 -0.7638 -0.0000
vn -0.4882 0.8740 -0.0000
vn -0.3150 0.9528 -0.0000
vn -0.3150 0.9528 -0.0000
vn -0.4882 0.8740 -0.0000
vn 0.0709 1.0000 -0.0000
vn 0.0709 1.0000 -0.0000
vn 0.7323 0.6850 -0.0000
vn 0.7323 0.6850 -0.0000
vn -0.4252 0.9055 -0.0000
vn 0.3386 0.9370 -0.0000
vn 0.3386 0.9370 -0.0000
vn 0.9055 0.4252 -0.0000
vn -0.4252 0.9055 -0.0000
vn 0.9055 0.4252 -0.0000
vn 0.1339 0.9921 -0.0000
vn -0.5669 0.8189 -0.0000
vn -0.5669 0.8189 -0.0000
vn 0.1339 0.9921 -0.0000
vn 0.3701 0.9291 -0.0000
vn 0.3701 0.9291 -0.0000
vn -0.6457 0.7638 -0.0000
vn 0.0866 1.0000 -0.0000
vn 0.0866 1.0000 -0.0000
vn 0.7638 0.6457 -0.0000
vn -0.6457 0.7638 -0.0000
vn 0.7638 0.6457 -0.0000
vn 0.0000 0.0000 1.0000
vn 0.0000 0.0000 1.0000
vn 0.0000 0.0000 1.0000
vn 0.0000 0.0000 1.0000
vn 0.0000 0.0000 1.0000
vn 0.0000 0.0000 1.0000
vn 0.0000 0.0000 1.0000
vn 0.0000 0.0000 1.0000
vn 0.0000 0.0000 1.0000
vn 0.0000 0.0000 1.0000
vn 0.0000 0.0000 1.0000
vn 0.0000 0.0000 1.0000
vn 0.0000 0.0000 1.0000
vn 0.0000 0.0000 1.0000
vn 0.0000 0.0000 1.0000
vn 0.0000 0.0000 1.0000
vn -0.0079 -0.0079 1.0000
vn 0.0000 -0.0079 1.0000
vn -0.0079 -0.0079 1.0000
vn -0.0079 0.0000 1.0000
vn 0.0000 -0.0079 1.0000
vn -0.0079 0.0000 1.0000
vn 0.0000 0.0000 1.0000
vn -0.0079 0.0000 1.0000
vn 0.0000 0.0000 1.0000
vn 0.0079 0.0000 1.0000
vn 0.0079 0.0000 1.0000
vn -0.0079 0.0000 1.0000
vn -0.0079 0.0079 1.0000
vn -0.0079 0.0079 1.0000
vn 0.0000 0.0079 1.0000
vn 0.0000 0.0079 1.0000
vn 0.0079 0.0000 1.0000
vn 0.0079 0.0000 1.0000
vn -0.9370 0.3386 -0.0000
vn -0.4252 0.9055 -0.0000
vn -0.4252 0.9055 -0.0000
vn -0.9370 0.3386 -0.0000
vn -0.9055 -0.4252 -0.0000
vn -0.9055 -0.4252 -0.0000
vn -0.9843 -0.1732 -0.0000
vn -0.6220 -0.7795 -0.0000
vn -0.6220 -0.7795 -0.0000
vn -0.9843 -0.1732 -0.0000
vn -0.9685 0.2598 -0.0000
vn -0.9685 0.2598 -0.0000
vn -0.5669 0.8189 -0.0000
vn -0.5669 0.8189 -0.0000
vn -0.6457 0.7638 -0.0000
vn -1.0000 0.0866 -0.0000
vn -0.6457 0.7638 -0.0000
vn -1.0000 0.0866 -0.0000
vn -0.7638 -0.6457 -0.0000
vn -0.7638 -0.6457 -0.0000
vn 0.6693 -0.7402 -0.0000
vn 0.0315 -1.0000 -0.0000
vn 0.6693 -0.7402 -0.0000
vn 0.0315 -1.0000 -0.0000
vn -0.1339 -0.9921 -0.0000
vn -0.1339 -0.9921 -0.0000
vn -0.3386 -0.9370 -0.0000
vn -0.9055 -0.4252 -0.0000
vn -0.9055 -0.4252 -0.0000
vn -0.3386 -0.9370 -0.0000
vn 0.4252 -0.9055 -0.0000
vn 0.4252 -0.9055 -0.0000
vn -0.6220 -0.7795 -0.0000
vn -0.0315 -1.0000 -0.0000
vn -0.6220 -0.7795 -0.0000
vn -0.0315 -1.0000 -0.0000
vn 0.3543 -0.9370 -0.0000
vn 0.3543 -0.9370 -0.0000
vn 0.5827 -0.8110 -0.0000
vn 0.5827 -0.8110 -0.0000
vn -0.0866 -1.0000 -0.0000
vn -0.7638 -0.6457 -0.0000
vn -0.7638 -0.6457 -0.0000
vn -0.0866 -1.0000 -0.0000
vn 0.6457 -0.7638 -0.0000
vn 0.6457 -0.7638 -0.0000
vn 0.0000 0.0000 -1.0000
vn 0.0000 0.0000 -1.0000
vn 0.0000 0.0000 -1.0000
vn 0.0000 0.0000 -1.0000
vn 0.0000 0.0000 -1.0000
vn 0.0000 0.0000 -1.0000
vn 0.0000 0.0000 -1.0000
vn 0.0000 0.0000 -1.0000
vn 0.0000 0.0000 -1.0000
vn 0.0000 0.0000 -1.0000
vn 0.0000 0.0000 -1.0000
vn 0.0000 0.0000 -1.0000
vn 0.0000 0.0000 -1.0000
vn 0.0000 0.0000 -1.0000
vn 0.0000 0.0000 -1.0000
vn 0.0000 0.0000 -1.0000
vn 0.0000 -0.0079 -1.0000
vn -0.0079 -0.0079 -1.0000
vn 0.0000 -0.0079 -1.0000
vn 0.0000 0.0000 -1.0000
vn -0.0079 -0.0079 -1.0000
vn 0.0000 0.0000 -1.0000
vn 0.0079 0.0000 -1.0000
vn 0.0079 0.0000 -1.0000
vn -0.0079 0.0000 -1.0000
vn -0.0079 0.0000 -1.0000
vn -0.0079 0.0000 -1.0000
vn -0.0079 0.0000 -1.0000
vn -0.0079 0.0079 -1.0000
vn -0.0079 0.0079 -1.0000
vn 0.0000 0.0079 -1.0000
vn 0.0000 0.0079 -1.0000
vn 0.0079 0.0000 -1.0000
vn 0.0079 0.0000 -1.0000
vn 0.9528 0.2992 -0.0079
vn 1.0000 -0.0630 -0.0157
vn 0.9449 0.3150 -0.0394
vn 0.8661 0.4961 -0.0630
vn 0.8661 0.4961 -0.0630
vn 0.8661 0.4961 -0.0630
vn 0.9843 0.1575 0.0394
vn 1.0000 -0.0551 -0.0157
vn 0.9685 -0.2598 -0.0079
vn 0.9685 -0.2598 -0.0079
vn 0.9685 0.2126 0.1339
vn 0.9213 0.3937 0.0394
vn 0.8661 0.4961 -0.0630
vn 0.9055 0.4173 0.0472
vn 0.8740 0.4803 -0.0157
vn 0.8819 0.4646 0.0236
vn 0.8819 0.4646 0.0236
vn 0.9606 -0.2677 -0.0079
vn 0.9606 -0.2677 -0.0079
vn 0.9685 -0.2520 -0.0000
vn 0.9685 -0.2441 0.0079
vn 0.9764 -0.2283 0.0157
vn 0.9764 -0.2205 0.0079
vn 0.9764 -0.2126 -0.0000
vn 0.9764 -0.2126 -0.0000
vn 0.9764 -0.2205 -0.0079
vn 0.9764 -0.2283 -0.0157
vn 0.9685 -0.2520 -0.0000
vn 0.9685 -0.2441 -0.0079
vn 0.9606 -0.2677 0.0079
vn 0.9606 -0.2677 0.0079
vn 0.9685 -0.2598 0.0079
vn 0.9685 -0.2598 0.0079
vn 1.0000 -0.0630 0.0157
vn 1.0000 -0.0551 0.0157
vn 0.9843 0.1575 -0.0394
vn 0.9528 0.2992 0.0079
vn 0.9449 0.3150 0.0394
vn 0.8661 0.4961 0.0630
vn 0.8661 0.4961 0.0630
vn 0.9685 0.2126 -0.1339
vn 0.8661 0.4961 0.0630
vn 0.9213 0.3937 -0.0394
vn 0.8661 0.4961 0.0630
vn 0.9055 0.4173 -0.0472
vn 0.8740 0.4803 0.0157
vn 0.8819 0.4646 -0.0236
vn 0.8819 0.4646 -0.0236
vn 0.6220 -0.5827 0.5197
vn 0.7244 -0.6772 0.1417
vn 0.6220 -0.5827 0.5197
vn 0.7244 -0.6772 0.1417
vn 0.7244 -0.6850 0.0079
vn 0.7244 -0.6850 0.0079
vn 0.7244 -0.6850 -0.0000
vn 0.7244 -0.6850 -0.0000
vn 0.7244 -0.6772 -0.1417
vn 0.6220 -0.5827 -0.5197
vn 0.6220 -0.5827 -0.5197
vn 0.7244 -0.6772 -0.1417
vn 0.7244 -0.6850 -0.0079
vn 0.7244 -0.6850 -0.0079
vn 0.7244 -0.6850 -0.0000
vn 0.7244 -0.6850 -0.0000
vn 0.7087 0.7087 -0.0000
vn 0.7087 0.7087 -0.0000
vn 1.0000 0.0000 -0.0000
vn 1.0000 0.0000 -0.0000
vn 0.7087 -0.7087 -0.0000
vn 0.7087 -0.7087 -0.0000
vn 0.7087 0.7087 -0.0000
vn 0.7087 0.7087 -0.0000
vn 1.0000 0.0000 -0.0000
vn 1.0000 0.0000 -0.0000
vn 0.7087 -0.7087 -0.0000
vn 0.7087 -0.7087 -0.0000
vn 0.7087 -0.7087 -0.0000
vn 0.7087 -0.7087 -0.0000
vn 1.0000 0.0000 -0.0000
vn 0.7087 0.7087 -0.0000
vn 0.7087 0.7087 -0.0000
vn 1.0000 0.0000 -0.0000
vn 0.9843 0.1654 -0.0079
vn 1.0000 0.0394 -0.0079
vn 1.0000 0.0630 -0.0079
vn 0.9843 0.1654 -0.0079
vn 1.0000 0.0079 -0.0000
vn 0.9449 0.3307 -0.0157
vn 1.0000 0.0157 0.0079
vn 0.9449 0.3307 -0.0157
vn 1.0000 0.0315 0.0157
vn 1.0000 0.0394 0.0079
vn 1.0000 0.0472 -0.0000
vn 1.0000 0.0472 -0.0000
vn 1.0000 0.0394 -0.0079
vn 1.0000 0.0315 -0.0157
vn 1.0000 0.0079 -0.0000
vn 1.0000 0.0157 -0.0079
vn 1.0000 0.0394 0.0079
vn 1.0000 0.0630 0.0079
vn 0.9843 0.1654 0.0079
vn 0.9843 0.1654 0.0079
vn 0.9449 0.3307 0.0157
vn 0.9449 0.3307 0.0157
vn 0.8819 0.4724 -0.0315
vn 0.7953 0.6063 0.0079
vn 0.7874 0.6142 0.0472
vn 0.8346 0.5354 -0.1339
vn 0.7244 0.6850 -0.0394
vn 0.7087 0.7008 -0.0472
vn 0.7953 0.6063 -0.0079
vn 0.7874 0.6142 -0.0472
vn 0.8819 0.4724 0.0315
vn 0.8346 0.5354 0.1339
vn 0.7244 0.6850 0.0394
vn 0.7087 0.7008 0.0472
vn 0.7087 -0.7087 -0.0000
vn 1.0000 0.0000 -0.0000
vn 0.7087 -0.7087 -0.0000
vn 0.7087 0.7087 -0.0000
vn 0.7087 0.7087 -0.0000
vn 1.0000 0.0000 -0.0000
vn 1.0000 0.0000 -0.0000
vn 0.7087 0.7087 -0.0000
vn 0.7087 0.7087 -0.0000
vn 1.0000 0.0000 -0.0000
vn 0.7087 -0.7087 -0.0000
vn 0.7087 -0.7087 -0.0000
vn 1.0000 0.0000 -0.0000
vn 0.7087 0.7087 -0.0000
vn 0.7087 0.7087 -0.0000
vn 1.0000 0.0000 -0.0000
vn 0.7087 -0.7087 -0.0000
vn 0.7087 -0.7087 -0.0000
vn 0.1339 0.6614 0.7323
vn 0.1968 0.9606 0.2126
vn 0.1339 0.6772 0.7244
vn 0.2047 0.9606 0.2047
vn 0.2047 0.9764 -0.0000
vn 0.2047 0.9764 -0.0000
vn 0.1968 0.9606 -0.2047
vn 0.1968 0.9606 -0.2126
vn 0.1339 0.6614 -0.7323
vn 0.1339 0.6772 -0.7244
vn -0.2126 0.9764 -0.0000
vn -0.7244 0.6929 -0.0000
vn -0.7244 0.6929 -0.0000
vn -0.2126 0.9764 -0.0000
vn 0.0000 1.0000 -0.0000
vn 0.0000 1.0000 -0.0000
vn -0.7244 0.6929 -0.0000
vn -0.2126 0.9764 -0.0000
vn -0.7244 0.6929 -0.0000
vn -0.2126 0.9764 -0.0000
vn 0.0000 1.0000 -0.0000
vn 0.0000 1.0000 -0.0000
vn -0.0551 0.9764 0.2047
vn -0.0472 0.6850 0.7244
vn -0.0472 0.6772 0.7323
vn -0.0551 0.9764 0.2126
vn -0.0630 1.0000 -0.0000
vn -0.0630 1.0000 -0.0000
vn -0.0551 0.9764 -0.2047
vn -0.0551 0.9764 -0.2126
vn -0.0472 0.6850 -0.7244
vn -0.0472 0.6772 -0.7323
vn 0.0000 1.0000 -0.0000
vn 0.0000 1.0000 -0.0000
vn -0.7087 0.7087 -0.0000
vn 0.7087 0.7087 -0.0000
vn -0.7087 0.7087 -0.0000
vn 0.7087 0.7087 -0.0000
vn 0.0000 1.0000 -0.0000
vn 0.0000 1.0000 -0.0000
vn -0.7087 0.7087 -0.0000
vn 0.7087 0.7087 -0.0000
vn -0.7087 0.7087 -0.0000
vn 0.7087 0.7087 -0.0000
vn -0.7087 0.7087 -0.0000
vn -0.7087 0.7087 -0.0000
vn 0.0000 1.0000 -0.0000
vn 0.0000 1.0000 -0.0000
vn 0.7087 0.7087 -0.0000
vn 0.7087 0.7087 -0.0000
vn 0.7953 0.6063 0.0079
vn 0.6457 0.7638 0.0630
vn 0.7874 0.6142 0.0472
vn 0.6457 0.7638 0.0630
vn 0.6457 0.7638 0.0630
vn 0.6457 0.7638 0.0630
vn 0.7244 0.6850 -0.0394
vn 0.6614 0.7480 0.0157
vn 0.7087 0.7008 -0.0472
vn 0.6693 0.7402 -0.0236
vn 0.6693 0.7402 -0.0236
vn 0.6457 0.7638 -0.0630
vn 0.7953 0.6063 -0.0079
vn 0.7874 0.6142 -0.0472
vn 0.6457 0.7638 -0.0630
vn 0.6457 0.7638 -0.0630
vn 0.6457 0.7638 -0.0630
vn 0.7244 0.6850 0.0394
vn 0.6614 0.7480 -0.0157
vn 0.7087 0.7008 0.0472
vn 0.6693 0.7402 0.0236
vn 0.6693 0.7402 0.0236
vn -0.7087 0.7087 -0.0000
vn -0.7087 0.7087 -0.0000
vn 0.0000 1.0000 -0.0000
vn 0.0000 1.0000 -0.0000
vn 0.7087 0.7087 -0.0000
vn 0.7087 0.7087 -0.0000
vn -0.2835 0.5433 -0.7953
vn -0.4488 0.8740 -0.1890
vn -0.3150 0.6142 -0.7244
vn -0.4488 0.8740 -0.1968
vn -0.4488 0.8898 -0.0157
vn -0.4488 0.8898 -0.0157
vn -0.4488 0.8740 0.1890
vn -0.2835 0.5433 0.7953
vn -0.3150 0.6142 0.7244
vn -0.4488 0.8740 0.1968
vn -0.4488 0.8898 0.0157
vn -0.4488 0.8898 0.0157
vn 0.0000 1.0000 -0.0000
vn -0.7087 0.7087 -0.0000
vn -0.7087 0.7087 -0.0000
vn 0.0000 1.0000 -0.0000
vn 0.7087 0.7087 -0.0000
vn 0.7087 0.7087 -0.0000
vn 0.0000 1.0000 -0.0000
vn -0.7087 0.7087 -0.0000
vn -0.7087 0.7087 -0.0000
vn 0.0000 1.0000 -0.0000
vn 0.7087 0.7087 -0.0000
vn 0.7087 0.7087 -0.0000
vn 0.0394 0.1968 0.9764
vn 0.0079 0.0000 1.0000
vn 0.0079 0.0000 1.0000
vn 0.0157 -0.0079 1.0000
vn 0.0394 0.2205 0.9764
vn 0.0157 -0.0079 1.0000
vn 0.1339 0.6772 0.7244
vn 0.0157 0.0000 1.0000
vn 0.1339 0.6614 0.7323
vn 0.0157 -0.0079 1.0000
vn 0.0630 -0.1181 0.9921
vn 0.0630 -0.1181 0.9921
vn 0.2126 -0.4252 0.8819
vn 0.2126 -0.4252 0.8819
vn 0.3858 -0.7638 0.5197
vn 0.3858 -0.7638 0.5197
vn 0.0000 0.0000 1.0000
vn 0.0000 0.0000 1.0000
vn 0.0000 0.0000 1.0000
vn 0.0000 0.0000 1.0000
vn 0.0000 0.0000 1.0000
vn 0.0000 0.0000 1.0000
vn 0.0000 0.0000 1.0000
vn 0.0000 0.0000 1.0000
vn 0.0000 0.0000 1.0000
vn 0.0000 0.0000 1.0000
vn 0.0000 0.0000 1.0000
vn 0.0000 0.0000 1.0000
vn 0.0000 0.0000 1.0000
vn 0.0000 0.0000 1.0000
vn 0.0000 0.0000 1.0000
vn 0.0000 0.0000 1.0000
vn 0.0000 0.0000 1.0000
vn 0.0000 0.0000 1.0000
vn 0.0000 0.0000 1.0000
vn 0.0000 0.0000 1.0000
vn 0.0000 0.0000 1.0000
vn 0.0000 0.0000 1.0000
vn 0.0000 0.0000 1.0000
vn 0.0000 0.0000 1.0000
vn 0.0000 0.0000 1.0000
vn 0.0000 0.0000 1.0000
vn 0.0000 0.0000 1.0000
vn 0.0000 0.0000 1.0000
vn 0.0000 0.0000 1.0000
vn 0.0000 0.0000 1.0000
vn 0.0000 0.0000 1.0000
vn 0.0000 0.0000 1.0000
vn 0.0000 0.0000 1.0000
vn 0.0000 0.0000 1.0000
vn 0.0000 0.0000 1.0000
vn 0.0000 0.0000 1.0000
vn 0.0000 0.0000 1.0000
vn 0.0000 0.0000 1.0000
vn 0.0000 0.0000 1.0000
vn -0.0157 0.2047 0.9764
vn 0.0079 0.0000 1.0000
vn 0.0079 0.0000 1.0000
vn 0.0157 0.0000 1.0000
vn -0.0157 0.2126 0.9764
vn 0.0157 0.0000 1.0000
vn -0.0472 0.6850 0.7244
vn 0.0157 0.0000 1.0000
vn -0.0472 0.6772 0.7323
vn 0.0157 0.0000 1.0000
vn 0.1024 -0.0866 0.9921
vn 0.1024 -0.0866 0.9921
vn 0.3465 -0.3228 0.8819
vn 0.3465 -0.3228 0.8819
vn 0.6220 -0.5827 0.5197
vn 0.6220 -0.5827 0.5197
vn 0.0000 0.0000 1.0000
vn 0.0000 0.0000 1.0000
vn 0.0000 0.0000 1.0000
vn 0.0000 0.0000 1.0000
vn 0.0000 0.0000 1.0000
vn 0.0000 0.0000 1.0000
vn 0.0000 0.0000 1.0000
vn 0.0000 0.0000 1.0000
vn 0.0000 0.0000 1.0000
vn 0.0000 0.0000 1.0000
vn 0.0000 0.0000 1.0000
vn 0.0000 0.0000 1.0000
vn 0.0000 0.0000 1.0000
vn 0.0000 0.0000 1.0000
vn 0.0000 0.0000 1.0000
vn 0.0472 -0.7244 0.6929
vn 0.0236 -0.2677 0.9606
vn 0.0472 -0.7244 0.6929
vn 0.0157 -0.2520 0.9685
vn 0.0079 0.0000 1.0000
vn 0.0079 0.0000 1.0000
vn 0.0079 0.0157 1.0000
vn 0.0079 0.0157 1.0000
vn -0.0945 0.1024 0.9921
vn -0.1575 0.1496 0.9764
vn -0.4488 0.4094 0.7953
vn -0.5039 0.4646 0.7244
vn 0.0000 0.0000 1.0000
vn 0.0000 0.0000 1.0000
vn 0.0000 0.0000 1.0000
vn 0.0000 0.0000 1.0000
vn 0.0000 0.0000 1.0000
vn 0.0000 0.0000 1.0000
vn 0.0000 0.0000 1.0000
vn 0.0000 0.0000 1.0000
vn -0.1417 -0.7087 0.6929
vn -0.0551 -0.2835 0.9606
vn -0.1417 -0.7087 0.6929
vn -0.0472 -0.2441 0.9685
vn 0.0079 -0.0079 1.0000
vn 0.0079 -0.0079 1.0000
vn 0.0079 0.0157 1.0000
vn 0.0079 0.0157 1.0000
vn -0.0551 0.1339 0.9921
vn -0.0945 0.1968 0.9764
vn -0.2835 0.5433 0.7953
vn -0.3150 0.6142 0.7244
vn -1.0000 0.0000 -0.0000
vn -0.7244 -0.6929 -0.0000
vn -0.7244 -0.6929 -0.0000
vn -1.0000 0.0000 -0.0000
vn -0.7244 0.6929 -0.0000
vn -0.7244 0.6929 -0.0000
vn -1.0000 0.0000 -0.0000
vn -0.7244 -0.6929 -0.0000
vn -0.7244 -0.6929 -0.0000
vn -1.0000 0.0000 -0.0000
vn -0.7244 0.6929 -0.0000
vn -0.7244 0.6929 -0.0000
vn -0.9291 -0.3780 -0.0079
vn -0.8032 -0.5984 0.0236
vn -0.9291 -0.3780 -0.0079
vn -0.7795 -0.6220 -0.0157
vn -0.7953 -0.5984 -0.0394
vn -0.7244 -0.6850 -0.0551
vn -0.7244 -0.6850 -0.0551
vn -0.7244 -0.6850 -0.0551
vn -0.7087 -0.7008 0.0709
vn -0.7244 -0.6850 -0.0551
vn -0.7087 -0.7008 0.0157
vn -0.7165 -0.7008 -0.0157
vn -0.7008 -0.7165 0.0394
vn -0.9843 -0.1654 -0.0079
vn -1.0000 -0.0787 -0.0236
vn -1.0000 -0.0630 -0.0315
vn -0.9843 -0.1654 -0.0079
vn -1.0000 -0.0472 -0.0472
vn -1.0000 -0.0551 -0.0472
vn -1.0000 -0.0709 -0.0315
vn -1.0000 -0.0709 -0.0157
vn -1.0000 -0.0709 -0.0000
vn -1.0000 -0.0709 -0.0000
vn -1.0000 -0.0709 0.0157
vn -1.0000 -0.0709 0.0315
vn -1.0000 -0.0472 0.0472
vn -1.0000 -0.0551 0.0472
vn -1.0000 -0.0630 0.0315
vn -1.0000 -0.0787 0.0236
vn -0.9843 -0.1654 0.0079
vn -0.9843 -0.1654 0.0079
vn -0.9291 -0.3780 0.0079
vn -0.9291 -0.3780 0.0079
vn -0.8032 -0.5984 -0.0236
vn -0.7795 -0.6220 0.0157
vn -0.7953 -0.5984 0.0394
vn -0.7244 -0.6850 0.0551
vn -0.7244 -0.6850 0.0551
vn -0.7244 -0.6850 0.0551
vn -0.7087 -0.7008 -0.0709
vn -0.7244 -0.6850 0.0551
vn -0.7087 -0.7008 -0.0157
vn -0.7165 -0.7008 0.0157
vn -0.7008 -0.7165 -0.0394
vn -0.7087 0.7087 -0.0000
vn -0.7087 0.7087 -0.0000
vn -1.0000 0.0000 -0.0000
vn -1.0000 0.0000 -0.0000
vn -0.7087 -0.7087 -0.0000
vn -0.7087 -0.7087 -0.0000
vn -0.7087 0.7087 -0.0000
vn -0.7087 0.7087 -0.0000
vn -1.0000 0.0000 -0.0000
vn -1.0000 0.0000 -0.0000
vn -0.7087 -0.7087 -0.0000
vn -0.7087 -0.7087 -0.0000
vn -1.0000 0.0000 -0.0000
vn -1.0000 0.0000 -0.0000
vn -0.7087 -0.7087 -0.0000
vn -0.7087 0.7087 -0.0000
vn -0.7087 -0.7087 -0.0000
vn -0.7087 0.7087 -0.0000
vn -0.5039 0.4646 -0.7244
vn -0.4488 0.4094 -0.7953
vn -0.7165 0.6693 -0.1968
vn -0.7165 0.6693 -0.1890
vn -0.7323 0.6850 -0.0157
vn -0.7323 0.6850 -0.0157
vn -0.4488 0.4094 0.7953
vn -0.5039 0.4646 0.7244
vn -0.7165 0.6693 0.1968
vn -0.7165 0.6693 0.1890
vn -0.7323 0.6850 0.0157
vn -0.7323 0.6850 0.0157
vn -1.0000 0.0000 -0.0000
vn -0.7087 -0.7087 -0.0000
vn -1.0000 0.0000 -0.0000
vn -0.7087 0.7087 -0.0000
vn -0.7087 -0.7087 -0.0000
vn -0.7087 0.7087 -0.0000
vn -0.9685 0.2520 -0.0079
vn -0.9685 0.2598 -0.0236
vn -0.9685 0.2441 -0.0315
vn -0.9685 0.2520 -0.0079
vn -0.9764 0.2126 -0.0472
vn -1.0000 0.0000 -0.0079
vn -0.9764 0.2047 -0.0472
vn -1.0000 0.0000 -0.0079
vn -0.9843 0.1968 -0.0315
vn -0.9528 -0.2992 0.0157
vn -0.9843 0.1890 -0.0157
vn -0.9843 0.1968 -0.0000
vn -0.9843 0.1968 -0.0000
vn -0.9843 0.1890 0.0157
vn -0.9843 0.1968 0.0315
vn -0.9764 0.2126 0.0472
vn -0.9764 0.2047 0.0472
vn -0.9685 0.2441 0.0315
vn -0.9685 0.2598 0.0236
vn -0.9685 0.2520 0.0079
vn -0.9685 0.2520 0.0079
vn -1.0000 0.0000 0.0079
vn -1.0000 0.0000 0.0079
vn -0.9528 -0.2992 -0.0157
vn -0.9528 -0.3071 0.0394
vn -0.9449 -0.3307 0.0157
vn -0.9134 -0.3937 0.0551
vn -0.9134 -0.3937 0.0551
vn -0.9055 -0.4173 -0.0709
vn -0.9134 -0.3937 0.0551
vn -0.9055 -0.4173 -0.0157
vn -0.9134 -0.3937 0.0551
vn -0.8976 -0.4331 -0.0394
vn -0.9134 -0.4173 0.0157
vn -0.8976 -0.4331 -0.0236
vn -0.8976 -0.4331 -0.0236
vn -0.9528 -0.3071 -0.0394
vn -0.9449 -0.3307 -0.0157
vn -0.9134 -0.3937 -0.0551
vn -0.9134 -0.3937 -0.0551
vn -0.9055 -0.4173 0.0709
vn -0.9134 -0.3937 -0.0551
vn -0.9055 -0.4173 0.0157
vn -0.9134 -0.3937 -0.0551
vn -0.8976 -0.4331 0.0394
vn -0.9134 -0.4173 -0.0157
vn -0.8976 -0.4331 0.0236
vn -0.8976 -0.4331 0.0236
vn -1.0000 0.0000 -0.0000
vn -0.7087 0.7087 -0.0000
vn -0.7087 0.7087 -0.0000
vn -1.0000 0.0000 -0.0000
vn -0.7087 -0.7087 -0.0000
vn -0.7087 -0.7087 -0.0000
vn -0.7087 0.7087 -0.0000
vn -1.0000 0.0000 -0.0000
vn -0.7087 0.7087 -0.0000
vn -1.0000 0.0000 -0.0000
vn -0.7087 -0.7087 -0.0000
vn -0.7087 -0.7087 -0.0000
vn 0.4488 -0.8819 0.1417
vn 0.3858 -0.7638 0.5197
vn 0.3858 -0.7638 0.5197
vn 0.4488 -0.8819 0.1417
vn 0.4488 -0.8898 0.0079
vn 0.4488 -0.8898 0.0079
vn 0.4488 -0.8898 -0.0000
vn 0.4488 -0.8898 -0.0000
vn 0.3858 -0.7638 -0.5197
vn 0.4488 -0.8819 -0.1417
vn 0.3858 -0.7638 -0.5197
vn 0.4488 -0.8819 -0.1417
vn 0.4488 -0.8898 -0.0079
vn 0.4488 -0.8898 -0.0079
vn 0.4488 -0.8898 -0.0000
vn 0.4488 -0.8898 -0.0000
vn -0.2126 -0.9764 -0.0000
vn 0.0000 -1.0000 -0.0000
vn 0.0000 -1.0000 -0.0000
vn -0.2126 -0.9764 -0.0000
vn -0.7244 -0.6929 -0.0000
vn -0.7244 -0.6929 -0.0000
vn 0.0000 -1.0000 -0.0000
vn -0.2126 -0.9764 -0.0000
vn 0.0000 -1.0000 -0.0000
vn -0.2126 -0.9764 -0.0000
vn -0.7244 -0.6929 -0.0000
vn -0.7244 -0.6929 -0.0000
vn -0.7795 -0.6220 -0.0157
vn -0.7087 -0.7008 0.0709
vn -0.7087 -0.7008 0.0157
vn -0.7008 -0.7165 0.0394
vn -0.7008 -0.7165 0.0236
vn -0.7165 -0.7008 -0.0157
vn -0.7008 -0.7165 0.0236
vn -0.7087 -0.7008 -0.0709
vn -0.7795 -0.6220 0.0157
vn -0.7087 -0.7008 -0.0157
vn -0.7008 -0.7165 -0.0394
vn -0.7008 -0.7165 -0.0236
vn -0.7165 -0.7008 0.0157
vn -0.7008 -0.7165 -0.0236
vn -0.7087 -0.7087 -0.0000
vn -0.7087 -0.7087 -0.0000
vn 0.0000 -1.0000 -0.0000
vn 0.7087 -0.7087 -0.0000
vn 0.7087 -0.7087 -0.0000
vn 0.0000 -1.0000 -0.0000
vn -0.7087 -0.7087 -0.0000
vn -0.7087 -0.7087 -0.0000
vn 0.0000 -1.0000 -0.0000
vn 0.7087 -0.7087 -0.0000
vn 0.7087 -0.7087 -0.0000
vn 0.0000 -1.0000 -0.0000
vn -0.7087 -0.7087 -0.0000
vn 0.0000 -1.0000 -0.0000
vn -0.7087 -0.7087 -0.0000
vn 0.0000 -1.0000 -0.0000
vn 0.7087 -0.7087 -0.0000
vn 0.7087 -0.7087 -0.0000
vn 0.0472 -0.9685 -0.2520
vn 0.0472 -0.7244 -0.6929
vn 0.0472 -0.7244 -0.6929
vn 0.0551 -0.9685 -0.2441
vn 0.0551 -1.0000 -0.0000
vn 0.0551 -1.0000 -0.0000
vn 0.0551 -0.9685 0.2441
vn 0.0472 -0.9685 0.2520
vn 0.0472 -0.7244 0.6929
vn 0.0472 -0.7244 0.6929
vn -0.7087 -0.7087 -0.0000
vn 0.0000 -1.0000 -0.0000
vn -0.7087 -0.7087 -0.0000
vn 0.0000 -1.0000 -0.0000
vn 0.7087 -0.7087 -0.0000
vn 0.7087 -0.7087 -0.0000
vn -0.1968 -0.9449 -0.2520
vn -0.1417 -0.7087 -0.6929
vn -0.1417 -0.7087 -0.6929
vn -0.2047 -0.9528 -0.2441
vn -0.2047 -0.9764 -0.0000
vn -0.2047 -0.9764 -0.0000
vn -0.2047 -0.9528 0.2441
vn -0.1968 -0.9449 0.2520
vn -0.1417 -0.7087 0.6929
vn -0.1417 -0.7087 0.6929
vn 0.0000 -1.0000 -0.0000
vn -0.7087 -0.7087 -0.0000
vn -0.7087 -0.7087 -0.0000
vn 0.0000 -1.0000 -0.0000
vn 0.7087 -0.7087 -0.0000
vn 0.7087 -0.7087 -0.0000
vn -0.7087 -0.7087 -0.0000
vn 0.0000 -1.0000 -0.0000
vn -0.7087 -0.7087 -0.0000
vn 0.0000 -1.0000 -0.0000
vn 0.7087 -0.7087 -0.0000
vn 0.7087 -0.7087 -0.0000
vn 0.0394 0.2205 -0.9764
vn 0.1339 0.6772 -0.7244
vn 0.1339 0.6614 -0.7323
vn 0.0394 0.1968 -0.9764
vn 0.0079 0.0000 -1.0000
vn 0.0079 0.0000 -1.0000
vn 0.0157 -0.0079 -1.0000
vn 0.0157 -0.0079 -1.0000
vn 0.0157 0.0000 -1.0000
vn 0.0157 -0.0079 -1.0000
vn 0.0630 -0.1181 -0.9921
vn 0.0630 -0.1181 -0.9921
vn 0.2126 -0.4252 -0.8819
vn 0.2126 -0.4252 -0.8819
vn 0.3858 -0.7638 -0.5197
vn 0.3858 -0.7638 -0.5197
vn 0.0000 0.0000 -1.0000
vn 0.0000 0.0000 -1.0000
vn 0.0000 0.0000 -1.0000
vn 0.0000 0.0000 -1.0000
vn 0.0000 0.0000 -1.0000
vn 0.0000 0.0000 -1.0000
vn 0.0000 0.0000 -1.0000
vn 0.0000 0.0000 -1.0000
vn 0.0000 0.0000 -1.0000
vn 0.0000 0.0000 -1.0000
vn 0.0000 0.0000 -1.0000
vn 0.0000 0.0000 -1.0000
vn 0.0000 0.0000 -1.0000
vn 0.0000 0.0000 -1.0000
vn 0.0000 0.0000 -1.0000
vn 0.0000 0.0000 -1.0000
vn 0.0000 0.0000 -1.0000
vn 0.0000 0.0000 -1.0000
vn 0.0000 0.0000 -1.0000
vn 0.0000 0.0000 -1.0000
vn 0.0000 0.0000 -1.0000
vn 0.0000 0.0000 -1.0000
vn 0.0000 0.0000 -1.0000
vn 0.0000 0.0000 -1.0000
vn 0.0000 0.0000 -1.0000
vn 0.0000 0.0000 -1.0000
vn 0.0000 0.0000 -1.0000
vn 0.0000 0.0000 -1.0000
vn 0.0000 0.0000 -1.0000
vn 0.0000 0.0000 -1.0000
vn 0.0000 0.0000 -1.0000
vn 0.0000 0.0000 -1.0000
vn 0.0000 0.0000 -1.0000
vn 0.0000 0.0000 -1.0000
vn 0.0000 0.0000 -1.0000
vn 0.0000 0.0000 -1.0000
vn 0.0000 0.0000 -1.0000
vn 0.0000 0.0000 -1.0000
vn 0.0000 0.0000 -1.0000
vn 0.0000 0.0000 -1.0000
vn 0.0000 0.0000 -1.0000
vn 0.0000 0.0000 -1.0000
vn 0.0000 0.0000 -1.0000
vn 0.0000 0.0000 -1.0000
vn 0.0000 0.0000 -1.0000
vn 0.0000 0.0000 -1.0000
vn 0.0000 0.0000 -1.0000
vn -0.0157 0.2126 -0.9764
vn -0.0472 0.6850 -0.7244
vn -0.0472 0.6772 -0.7323
vn -0.0157 0.2047 -0.9764
vn 0.0079 0.0000 -1.0000
vn 0.0079 0.0000 -1.0000
vn 0.0157 0.0000 -1.0000
vn 0.0157 0.0000 -1.0000
vn 0.0157 0.0000 -1.0000
vn 0.0157 0.0000 -1.0000
vn 0.1024 -0.0866 -0.9921
vn 0.1024 -0.0866 -0.9921
vn 0.3465 -0.3228 -0.8819
vn 0.3465 -0.3228 -0.8819
vn 0.6220 -0.5827 -0.5197
vn 0.6220 -0.5827 -0.5197
vn 0.0000 0.0000 -1.0000
vn 0.0000 0.0000 -1.0000
vn 0.0000 0.0000 -1.0000
vn 0.0000 0.0000 -1.0000
vn 0.0000 0.0000 -1.0000
vn 0.0000 0.0000 -1.0000
vn 0.0000 0.0000 -1.0000
vn 0.0157 -0.2520 -0.9685
vn 0.0079 0.0000 -1.0000
vn 0.0079 0.0000 -1.0000
vn 0.0079 0.0157 -1.0000
vn 0.0236 -0.2677 -0.9606
vn 0.0079 0.0157 -1.0000
vn 0.0472 -0.7244 -0.6929
vn -0.0945 0.1024 -0.9921
vn 0.0472 -0.7244 -0.6929
vn -0.1575 0.1496 -0.9764
vn -0.4488 0.4094 -0.7953
vn -0.5039 0.4646 -0.7244
vn 0.0000 0.0000 -1.0000
vn 0.0000 0.0000 -1.0000
vn 0.0000 0.0000 -1.0000
vn 0.0000 0.0000 -1.0000
vn 0.0000 0.0000 -1.0000
vn 0.0000 0.0000 -1.0000
vn 0.0000 0.0000 -1.0000
vn 0.0000 0.0000 -1.0000
vn 0.0079 -0.0079 -1.0000
vn -0.0472 -0.2441 -0.9685
vn -0.0551 -0.2835 -0.9606
vn -0.1417 -0.7087 -0.6929
vn 0.0079 -0.0079 -1.0000
vn -0.1417 -0.7087 -0.6929
vn 0.0079 0.0157 -1.0000
vn 0.0079 0.0157 -1.0000
vn -0.0551 0.1339 -0.9921
vn -0.0945 0.1968 -0.9764
vn -0.2835 0.5433 -0.7953
vn -0.3150 0.6142 -0.7244
usemtl Meshpart3Mtl
f 1/1/1 2/2/2 3/3/3
f 2/2/2 1/1/1 4/4/4
f 5/5/5 4/4/4 1/1/1
f 4/4/4 5/5/5 6/6/6
f 7/7/7 8/8/8 9/9/9
f 8/8/8 7/7/7 10/10/10
f 11/11/11 10/10/10 7/7/7
f 10/10/10 11/11/11 12/12/12
f 13/13/13 14/14/14 15/15/15
f 16/16/16 13/13/13 15/15/15
f 16/16/16 15/15/15 17/17/17
f 14/14/14 18/18/18 19/19/19
f 18/18/18 14/14/14 20/20/20
f 14/14/14 13/13/13 20/20/20
f 21/21/21 20/20/20 13/13/13
f 20/20/20 21/21/21 22/22/22
f 23/23/23 22/22/22 21/21/21
f 22/22/22 23/23/23 24/24/24
f 25/25/25 24/24/24 23/23/23
f 24/24/24 25/25/25 26/26/26
f 27/27/27 28/28/28 29/29/29
f 30/30/30 29/29/29 28/28/28
f 28/28/28 27/27/27 31/31/31
f 29/29/29 30/30/30 32/32/32
f 33/33/33 34/34/34 35/35/35
f 36/36/36 35/35/35 34/34/34
f 34/34/34 33/33/33 37/37/37
f 35/35/35 36/36/36 38/38/38
f 39/39/39 40/40/40 41/41/41
f 41/41/41 42/42/42 39/39/39
f 43/43/43 42/42/42 41/41/41
f 42/42/42 43/43/43 44/44/44
f 45/45/45 46/46/46 47/47/47
f 46/46/46 45/45/45 48/48/48
f 45/45/45 47/47/47 49/49/49
f 47/47/47 46/46/46 50/50/50
f 50/50/50 46/46/46 51/51/51
f 47/47/47 50/50/50 52/52/52
f 53/53/53 54/54/54 55/55/55
f 55/55/55 54/54/54 56/56/56
f 54/54/54 53/53/53 57/57/57
f 57/57/57 53/53/53 58/58/58
f 54/54/54 57/57/57 59/59/59
f 54/54/54 59/59/59 60/60/60
f 61/61/61 62/62/62 63/63/63
f 61/61/61 64/64/64 62/62/62
f 64/64/64 61/61/61 65/65/65
f 65/65/65 61/61/61 66/66/66
f 65/65/65 67/67/67 64/64/64
f 68/68/68 67/67/67 65/65/65
f 69/69/69 67/67/67 68/68/68
f 67/67/67 69/69/69 70/70/70
f 67/67/67 70/70/70 71/71/71
f 72/72/72 73/73/73 74/74/74
f 73/73/73 72/72/72 75/75/75
f 76/76/76 74/74/74 73/73/73
f 77/77/77 74/74/74 76/76/76
f 78/78/78 74/74/74 77/77/77
f 74/74/74 78/78/78 79/79/79
f 79/79/79 78/78/78 80/80/80
f 81/81/81 82/82/82 83/83/83
f 82/82/82 81/81/81 84/84/84
f 85/85/85 84/84/84 81/81/81
f 84/84/84 85/85/85 86/86/86
f 87/87/87 88/88/88 89/89/89
f 88/88/88 87/87/87 90/90/90
f 91/91/91 90/90/90 87/87/87
f 90/90/90 91/91/91 92/92/92
f 93/93/93 94/94/94 95/95/95
f 93/93/93 95/95/95 96/96/96
f 94/94/94 97/97/97 95/95/95
f 94/94/94 98/98/98 97/97/97
f 99/99/99 100/100/100 101/101/101
f 99/99/99 101/101/101 102/102/102
f 103/103/103 99/99/99 102/102/102
f 103/103/103 102/102/102 104/104/104
f 105/105/105 103/103/103 104/104/104
f 103/103/103 105/105/105 106/106/106
f 107/107/107 106/106/106 105/105/105
f 106/106/106 107/107/107 108/108/108
f 107/107/107 109/109/109 108/108/108
f 109/109/109 107/107/107 110/110/110
f 110/110/110 111/111/111 109/109/109
f 112/112/112 111/111/111 110/110/110
f 113/113/113 111/111/111 112/112/112
f 111/111/111 113/113/113 114/114/114
f 115/115/115 116/116/116 117/117/117
f 118/118/118 119/119/119 120/120/120
f 116/116/116 115/115/115 118/118/118
f 119/119/119 118/118/118 115/115/115
f 121/121/121 122/122/122 123/123/123
f 124/124/124 125/125/125 126/126/126
f 122/122/122 121/121/121 124/124/124
f 125/125/125 124/124/124 121/121/121
f 127/127/127 128/128/128 129/129/129
f 127/127/127 129/129/129 130/130/130
f 131/131/131 127/127/127 130/130/130
f 131/131/131 130/130/130 132/132/132
f 133/133/133 134/134/134 135/135/135
f 134/134/134 133/133/133 136/136/136
f 137/137/137 136/136/136 133/133/133
f 136/136/136 137/137/137 138/138/138
f 139/139/139 140/140/140 141/141/141
f 139/139/139 141/141/141 142/142/142
f 143/143/143 144/144/144 145/145/145
f 146/146/146 144/144/144 143/143/143
f 146/146/146 147/147/147 144/144/144
f 147/147/147 146/146/146 148/148/148
f 149/149/149 144/144/144 147/147/147
f 144/144/144 149/149/149 150/150/150
f 151/151/151 152/152/152 153/153/153
f 154/154/154 152/152/152 151/151/151
f 152/152/152 154/154/154 155/155/155
f 156/156/156 152/152/152 155/155/155
f 152/152/152 156/156/156 157/157/157
f 156/156/156 158/158/158 157/157/157
f 158/158/158 156/156/156 159/159/159
f 157/157/157 158/158/158 160/160/160
f 158/158/158 161/161/161 160/160/160
f 162/162/162 163/163/163 164/164/164
f 163/163/163 162/162/162 165/165/165
f 165/165/165 166/166/166 163/163/163
f 166/166/166 165/165/165 167/167/167
f 167/167/167 165/165/165 168/168/168
f 168/168/168 165/165/165 169/169/169
f 168/168/168 169/169/169 170/170/170
usemtl Meshpart1Mtl
f 171/171/171 172/172/172 173/173/173
f 174/174/174 171/171/171 173/173/173
f 174/174/174 173/173/173 175/175/175
f 176/176/176 174/174/174 175/175/175
f 176/176/176 175/175/175 177/177/177
f 178/178/178 176/176/176 177/177/177
f 179/179/179 180/180/180 181/181/181
f 180/180/180 179/179/179 182/182/182
f 183/183/183 182/182/182 179/179/179
f 182/182/182 183/183/183 184/184/184
f 185/185/185 186/186/186 187/187/187
f 186/186/186 185/185/185 188/188/188
f 189/189/189 188/188/188 185/185/185
f 188/188/188 189/189/189 190/190/190
f 191/191/191 192/192/192 193/193/193
f 192/192/192 191/191/191 194/194/194
f 195/195/195 193/193/193 192/192/192
f 193/193/193 195/195/195 196/196/196
f 195/195/195 197/197/197 196/196/196
f 197/197/197 195/195/195 198/198/198
f 199/199/199 200/200/200 201/201/201
f 202/202/202 201/201/201 200/200/200
f 200/200/200 199/199/199 203/203/203
f 201/201/201 202/202/202 204/204/204
f 205/205/205 206/206/206 207/207/207
f 206/206/206 205/205/205 208/208/208
f 209/209/209 208/208/208 205/205/205
f 208/208/208 209/209/209 210/210/210
f 211/211/211 212/212/212 213/213/213
f 214/214/214 213/213/213 212/212/212
f 212/212/212 211/211/211 215/215/215
f 213/213/213 214/214/214 216/216/216
f 217/217/217 218/218/218 219/219/219
f 218/218/218 217/217/217 220/220/220
f 221/221/221 220/220/220 217/217/217
f 220/220/220 221/221/221 222/222/222
f 222/222/222 221/221/221 223/223/223
f 220/220/220 222/222/222 224/224/224
f 225/225/225 226/226/226 227/227/227
f 225/225/225 228/228/228 226/226/226
f 226/226/226 228/228/228 229/229/229
f 228/228/228 225/225/225 230/230/230
f 230/230/230 225/225/225 231/231/231
f 228/228/228 230/230/230 232/232/232
f 233/233/233 234/234/234 235/235/235
f 235/235/235 236/236/236 233/233/233
f 237/237/237 235/235/235 234/234/234
f 236/236/236 235/235/235 238/238/238
f 234/234/234 239/239/239 237/237/237
f 238/238/238 240/240/240 236/236/236
f 239/239/239 234/234/234 241/241/241
f 239/239/239 241/241/241 242/242/242
f 239/239/239 242/242/242 243/243/243
f 240/240/240 238/238/238 244/244/244
f 245/245/245 240/240/240 244/244/244
f 240/240/240 245/245/245 246/246/246
f 245/245/245 247/247/247 246/246/246
f 247/247/247 245/245/245 248/248/248
f 248/248/248 249/249/249 247/247/247
f 249/249/249 248/248/248 250/250/250
f 251/251/251 252/252/252 253/253/253
f 252/252/252 251/251/251 254/254/254
f 255/255/255 254/254/254 251/251/251
f 254/254/254 255/255/255 256/256/256
f 257/257/257 258/258/258 259/259/259
f 258/258/258 257/257/257 260/260/260
f 257/257/257 261/261/261 260/260/260
f 261/261/261 257/257/257 262/262/262
f 263/263/263 261/261/261 262/262/262
f 261/261/261 263/263/263 264/264/264
f 265/265/265 266/266/266 267/267/267
f 266/266/266 265/265/265 268/268/268
f 268/268/268 269/269/269 266/266/266
f 269/269/269 268/268/268 270/270/270
f 271/271/271 272/272/272 273/273/273
f 272/272/272 271/271/271 274/274/274
f 272/272/272 274/274/274 275/275/275
f 276/276/276 272/272/272 275/275/275
f 277/277/277 278/278/278 279/279/279
f 280/280/280 281/281/281 282/282/282
f 278/278/278 277/277/277 280/280/280
f 281/281/281 280/280/280 277/277/277
f 283/283/283 284/284/284 285/285/285
f 284/284/284 283/283/283 286/286/286
f 284/284/284 286/286/286 287/287/287
f 287/287/287 288/288/288 284/284/284
f 288/288/288 287/287/287 289/289/289
f 289/289/289 290/290/290 288/288/288
f 291/291/291 292/292/292 293/293/293
f 294/294/294 295/295/295 296/296/296
f 292/292/292 291/291/291 294/294/294
f 295/295/295 294/294/294 291/291/291
f 297/297/297 298/298/298 299/299/299
f 300/300/300 298/298/298 297/297/297
f 300/300/300 297/297/297 301/301/301
f 302/302/302 298/298/298 300/300/300
f 298/298/298 302/302/302 303/303/303
f 303/303/303 302/302/302 304/304/304
f 305/305/305 306/306/306 307/307/307
f 307/307/307 306/306/306 308/308/308
f 305/305/305 307/307/307 309/309/309
f 306/306/306 305/305/305 310/310/310
f 310/310/310 305/305/305 311/311/311
f 306/306/306 310/310/310 312/312/312
f 313/313/313 314/314/314 315/315/315
f 313/313/313 315/315/315 316/316/316
f 314/314/314 313/313/313 317/317/317
f 316/316/316 318/318/318 313/313/313
f 316/316/316 319/319/319 318/318/318
f 319/319/319 316/316/316 320/320/320
f 314/314/314 317/317/317 321/321/321
f 314/314/314 321/321/321 322/322/322
f 321/321/321 323/323/323 322/322/322
f 322/322/322 323/323/323 324/324/324
f 323/323/323 325/325/325 324/324/324
f 325/325/325 323/323/323 326/326/326
f 326/326/326 327/327/327 325/325/325
f 328/328/328 325/325/325 327/327/327
f 328/328/328 327/327/327 329/329/329
f 328/328/328 329/329/329 330/330/330
usemtl Meshpart5Mtl
f 331/331/331 332/332/332 333/333/333
f 334/334/334 331/331/331 333/333/333
f 331/331/331 334/334/334 335/335/335
f 336/336/336 331/331/331 335/335/335
f 332/332/332 331/331/331 337/337/337
f 332/332/332 337/337/337 338/338/338
f 339/339/339 332/332/332 338/338/338
f 332/332/332 339/339/339 340/340/340
f 331/331/331 341/341/341 337/337/337
f 331/331/331 336/336/336 342/342/342
f 342/342/342 341/341/341 331/331/331
f 343/343/343 342/342/342 336/336/336
f 341/341/341 342/342/342 344/344/344
f 342/342/342 343/343/343 345/345/345
f 345/345/345 344/344/344 342/342/342
f 346/346/346 344/344/344 345/345/345
f 346/346/346 347/347/347 344/344/344
f 348/348/348 349/349/349 339/339/339
f 339/339/339 349/349/349 340/340/340
f 348/348/348 350/350/350 349/349/349
f 350/350/350 348/348/348 351/351/351
f 352/352/352 350/350/350 351/351/351
f 353/353/353 350/350/350 352/352/352
f 354/354/354 353/353/353 352/352/352
f 353/353/353 354/354/354 355/355/355
f 354/354/354 356/356/356 355/355/355
f 356/356/356 354/354/354 357/357/357
f 357/357/357 358/358/358 356/356/356
f 358/358/358 357/357/357 359/359/359
f 360/360/360 358/358/358 359/359/359
f 358/358/358 360/360/360 361/361/361
f 362/362/362 361/361/361 360/360/360
f 361/361/361 362/362/362 363/363/363
f 363/363/363 362/362/362 364/364/364
f 364/364/364 362/362/362 365/365/365
f 366/366/366 364/364/364 365/365/365
f 367/367/367 364/364/364 366/366/366
f 364/364/364 367/367/367 368/368/368
f 367/367/367 369/369/369 368/368/368
f 367/367/367 370/370/370 369/369/369
f 367/367/367 366/366/366 371/371/371
f 370/370/370 367/367/367 372/372/372
f 371/371/371 373/373/373 367/367/367
f 373/373/373 372/372/372 367/367/367
f 372/372/372 373/373/373 374/374/374
f 373/373/373 371/371/371 375/375/375
f 374/374/374 373/373/373 376/376/376
f 375/375/375 376/376/376 373/373/373
f 376/376/376 375/375/375 377/377/377
f 375/375/375 378/378/378 377/377/377
f 379/379/379 380/380/380 381/381/381
f 380/380/380 379/379/379 382/382/382
f 382/382/382 383/383/383 380/380/380
f 383/383/383 382/382/382 384/384/384
f 385/385/385 383/383/383 384/384/384
f 386/386/386 383/383/383 385/385/385
f 387/387/387 388/388/388 389/389/389
f 388/388/388 387/387/387 390/390/390
f 391/391/391 390/390/390 387/387/387
f 390/390/390 391/391/391 392/392/392
f 393/393/393 392/392/392 391/391/391
f 391/391/391 394/394/394 393/393/393
f 395/395/395 396/396/396 397/397/397
f 397/397/397 398/398/398 395/395/395
f 398/398/398 397/397/397 399/399/399
f 399/399/399 400/400/400 398/398/398
f 401/401/401 402/402/402 403/403/403
f 403/403/403 404/404/404 401/401/401
f 404/404/404 403/403/403 405/405/405
f 405/405/405 406/406/406 404/404/404
f 407/407/407 408/408/408 409/409/409
f 410/410/410 411/411/411 412/412/412
f 409/409/409 412/412/412 407/407/407
f 412/412/412 409/409/409 410/410/410
f 413/413/413 414/414/414 415/415/415
f 413/413/413 415/415/415 416/416/416
f 414/414/414 417/417/417 415/415/415
f 416/416/416 418/418/418 413/413/413
f 417/417/417 414/414/414 419/419/419
f 418/418/418 416/416/416 420/420/420
f 421/421/421 417/417/417 419/419/419
f 422/422/422 417/417/417 421/421/421
f 423/423/423 422/422/422 421/421/421
f 422/422/422 423/423/423 424/424/424
f 423/423/423 425/425/425 424/424/424
f 425/425/425 423/423/423 426/426/426
f 426/426/426 427/427/427 425/425/425
f 427/427/427 426/426/426 428/428/428
f 429/429/429 427/427/427 428/428/428
f 427/427/427 429/429/429 430/430/430
f 431/431/431 430/430/430 429/429/429
f 430/430/430 431/431/431 432/432/432
f 433/433/433 432/432/432 431/431/431
f 432/432/432 433/433/433 434/434/434
f 435/435/435 434/434/434 433/433/433
f 436/436/436 434/434/434 435/435/435
f 434/434/434 436/436/436 437/437/437
f 438/438/438 436/436/436 435/435/435
f 436/436/436 438/438/438 439/439/439
f 440/440/440 439/439/439 438/438/438
f 441/441/441 420/420/420 442/442/442
f 420/420/420 441/441/441 443/443/443
f 420/420/420 443/443/443 418/418/418
f 441/441/441 444/444/444 443/443/443
f 445/445/445 444/444/444 441/441/441
f 444/444/444 445/445/445 446/446/446
f 447/447/447 448/448/448 449/449/449
f 450/450/450 451/451/451 452/452/452
f 448/448/448 452/452/452 449/449/449
f 448/448/448 450/450/450 452/452/452
f 453/453/453 454/454/454 455/455/455
f 453/453/453 455/455/455 456/456/456
f 456/456/456 457/457/457 453/453/453
f 457/457/457 456/456/456 458/458/458
f 459/459/459 460/460/460 461/461/461
f 459/459/459 461/461/461 462/462/462
f 463/463/463 459/459/459 462/462/462
f 463/463/463 462/462/462 464/464/464
f 465/465/465 466/466/466 467/467/467
f 466/466/466 465/465/465 468/468/468
f 469/469/469 466/466/466 468/468/468
f 468/468/468 470/470/470 469/469/469
f 471/471/471 469/469/469 470/470/470
f 472/472/472 469/469/469 471/471/471
f 473/473/473 472/472/472 471/471/471
f 472/472/472 473/473/473 474/474/474
f 475/475/475 476/476/476 477/477/477
f 476/476/476 475/475/475 478/478/478
f 479/479/479 478/478/478 475/475/475
f 478/478/478 479/479/479 480/480/480
f 481/481/481 482/482/482 483/483/483
f 484/484/484 483/483/483 482/482/482
f 482/482/482 485/485/485 484/484/484
f 486/486/486 484/484/484 485/485/485
f 487/487/487 488/488/488 489/489/489
f 488/488/488 487/487/487 490/490/490
f 491/491/491 490/490/490 487/487/487
f 487/487/487 492/492/492 491/491/491
f 493/493/493 491/491/491 492/492/492
f 494/494/494 491/491/491 493/493/493
f 493/493/493 495/495/495 494/494/494
f 495/495/495 493/493/493 496/496/496
f 497/497/497 498/498/498 499/499/499
f 498/498/498 497/497/497 500/500/500
f 499/499/499 501/501/501 497/497/497
f 500/500/500 502/502/502 498/498/498
f 503/503/503 504/504/504 505/505/505
f 504/504/504 503/503/503 506/506/506
f 505/505/505 507/507/507 503/503/503
f 506/506/506 508/508/508 504/504/504
f 509/509/509 510/510/510 511/511/511
f 511/511/511 512/512/512 509/509/509
f 512/512/512 511/511/511 513/513/513
f 513/513/513 514/514/514 512/512/512
f 515/515/515 516/516/516 517/517/517
f 515/515/515 518/518/518 516/516/516
f 518/518/518 515/515/515 519/519/519
f 519/519/519 515/515/515 520/520/520
f 521/521/521 520/520/520 515/515/515
f 520/520/520 521/521/521 522/522/522
f 523/523/523 522/522/522 521/521/521
f 522/522/522 523/523/523 524/524/524
f 523/523/523 525/525/525 524/524/524
f 526/526/526 527/527/527 528/528/528
f 527/527/527 526/526/526 529/529/529
f 530/530/530 527/527/527 529/529/529
f 531/531/531 527/527/527 530/530/530
f 527/527/527 531/531/531 532/532/532
f 532/532/532 531/531/531 533/533/533
f 534/534/534 532/532/532 533/533/533
f 535/535/535 534/534/534 533/533/533
f 535/535/535 536/536/536 534/534/534
f 537/537/537 538/538/538 539/539/539
f 540/540/540 537/537/537 539/539/539
f 540/540/540 539/539/539 541/541/541
f 542/542/542 540/540/540 541/541/541
f 543/543/543 544/544/544 545/545/545
f 544/544/544 543/543/543 546/546/546
f 546/546/546 547/547/547 544/544/544
f 547/547/547 546/546/546 548/548/548
f 549/549/549 550/550/550 551/551/551
f 550/550/550 549/549/549 552/552/552
f 553/553/553 552/552/552 549/549/549
f 552/552/552 553/553/553 554/554/554
f 555/555/555 556/556/556 557/557/557
f 555/555/555 557/557/557 558/558/558
f 558/558/558 559/559/559 555/555/555
f 559/559/559 558/558/558 560/560/560
f 561/561/561 562/562/562 563/563/563
f 561/561/561 563/563/563 564/564/564
f 565/565/565 561/561/561 564/564/564
f 565/565/565 564/564/564 566/566/566
f 567/567/567 568/568/568 569/569/569
f 568/568/568 570/570/570 569/569/569
f 569/569/569 571/571/571 567/567/567
f 570/570/570 568/568/568 572/572/572
f 571/571/571 573/573/573 567/567/567
f 572/572/572 574/574/574 570/570/570
f 573/573/573 571/571/571 575/575/575
f 574/574/574 572/572/572 576/576/576
f 574/574/574 576/576/576 577/577/577
f 577/577/577 576/576/576 578/578/578
f 579/579/579 577/577/577 578/578/578
f 577/577/577 579/579/579 580/580/580
f 579/579/579 581/581/581 580/580/580
f 581/581/581 579/579/579 582/582/582
f 583/583/583 584/584/584 585/585/585
f 583/583/583 586/586/586 584/584/584
f 586/586/586 583/583/583 587/587/587
f 587/587/587 583/583/583 588/588/588
f 587/587/587 589/589/589 586/586/586
f 589/589/589 587/587/587 590/590/590
f 591/591/591 592/592/592 593/593/593
f 593/593/593 592/592/592 594/594/594
f 595/595/595 592/592/592 591/591/591
f 592/592/592 595/595/595 596/596/596
f 596/596/596 597/597/597 592/592/592
f 597/597/597 596/596/596 598/598/598
f 599/599/599 600/600/600 601/601/601
f 600/600/600 599/599/599 602/602/602
f 603/603/603 599/599/599 601/601/601
f 603/603/603 601/601/601 604/604/604
f 599/599/599 603/603/603 605/605/605
f 599/599/599 605/605/605 606/606/606
f 607/607/607 608/608/608 609/609/609
f 609/609/609 608/608/608 610/610/610
f 607/607/607 609/609/609 611/611/611
f 607/607/607 612/612/612 608/608/608
f 608/608/608 612/612/612 613/613/613
f 612/612/612 607/607/607 614/614/614
f 615/615/615 616/616/616 617/617/617
f 618/618/618 616/616/616 615/615/615
f 618/618/618 619/619/619 616/616/616
f 619/619/619 618/618/618 620/620/620
f 618/618/618 621/621/621 620/620/620
f 622/622/622 623/623/623 624/624/624
f 623/623/623 625/625/625 624/624/624
f 624/624/624 626/626/626 622/622/622
f 625/625/625 623/623/623 627/627/627
f 626/626/626 628/628/628 622/622/622
f 627/627/627 629/629/629 625/625/625
f 628/628/628 626/626/626 630/630/630
f 629/629/629 627/627/627 631/631/631
f 631/631/631 632/632/632 629/629/629
f 632/632/632 631/631/631 633/633/633
f 633/633/633 634/634/634 632/632/632
f 634/634/634 633/633/633 635/635/635
f 635/635/635 636/636/636 634/634/634
f 636/636/636 635/635/635 637/637/637
f 638/638/638 639/639/639 640/640/640
f 641/641/641 639/639/639 638/638/638
f 639/639/639 641/641/641 642/642/642
f 642/642/642 641/641/641 643/643/643
f 642/642/642 643/643/643 644/644/644
f 645/645/645 646/646/646 647/647/647
f 647/647/647 646/646/646 648/648/648
f 645/645/645 647/647/647 649/649/649
f 646/646/646 645/645/645 650/650/650
f 650/650/650 645/645/645 651/651/651
f 646/646/646 650/650/650 652/652/652
f 653/653/653 654/654/654 655/655/655
f 654/654/654 653/653/653 656/656/656
f 656/656/656 657/657/657 654/654/654
f 657/657/657 656/656/656 658/658/658
f 659/659/659 657/657/657 658/658/658
f 659/659/659 658/658/658 660/660/660
f 659/659/659 660/660/660 661/661/661
f 661/661/661 660/660/660 662/662/662
f 661/661/661 662/662/662 663/663/663
f 662/662/662 664/664/664 663/663/663
f 665/665/665 666/666/666 667/667/667
f 665/665/665 668/668/668 666/666/666
f 668/668/668 665/665/665 669/669/669
f 669/669/669 665/665/665 670/670/670
f 669/669/669 671/671/671 668/668/668
f 671/671/671 669/669/669 672/672/672
f 673/673/673 674/674/674 675/675/675
f 674/674/674 673/673/673 676/676/676
f 676/676/676 677/677/677 674/674/674
f 677/677/677 676/676/676 678/678/678
f 679/679/679 677/677/677 678/678/678
f 680/680/680 679/679/679 678/678/678
f 679/679/679 680/680/680 681/681/681
f 681/681/681 680/680/680 682/682/682
f 681/681/681 682/682/682 683/683/683
f 683/683/683 682/682/682 684/684/684
f 685/685/685 686/686/686 687/687/687
f 685/685/685 687/687/687 688/688/688
f 688/688/688 689/689/689 685/685/685
f 689/689/689 688/688/688 690/690/690
f 691/691/691 692/692/692 693/693/693
f 691/691/691 693/693/693 694/694/694
f 695/695/695 691/691/691 694/694/694
f 695/695/695 694/694/694 696/696/696
f 697/697/697 698/698/698 699/699/699
f 700/700/700 699/699/699 698/698/698
f 699/699/699 700/700/700 701/701/701
f 700/700/700 702/702/702 701/701/701
f 702/702/702 700/700/700 703/703/703
f 703/703/703 700/700/700 704/704/704
f 705/705/705 700/700/700 698/698/698
f 700/700/700 706/706/706 704/704/704
f 706/706/706 700/700/700 707/707/707
f 707/707/707 708/708/708 706/706/706
f 709/709/709 708/708/708 707/707/707
f 710/710/710 711/711/711 712/712/712
f 711/711/711 710/710/710 713/713/713
f 712/712/712 711/711/711 714/714/714
f 710/710/710 697/697/697 713/713/713
f 712/712/712 714/714/714 715/715/715
f 697/697/697 699/699/699 713/713/713
f 714/714/714 716/716/716 715/715/715
f 716/716/716 714/714/714 717/717/717
f 718/718/718 716/716/716 717/717/717
f 717/717/717 719/719/719 718/718/718
f 720/720/720 718/718/718 719/719/719
f 721/721/721 718/718/718 720/720/720
f 722/722/722 721/721/721 720/720/720
f 721/721/721 722/722/722 723/723/723
f 723/723/723 722/722/722 724/724/724
f 722/722/722 725/725/725 724/724/724
f 725/725/725 726/726/726 724/724/724
f 726/726/726 725/725/725 727/727/727
f 727/727/727 728/728/728 726/726/726
f 727/727/727 729/729/729 728/728/728
f 729/729/729 730/730/730 728/728/728
f 729/729/729 731/731/731 730/730/730
f 731/731/731 729/729/729 732/732/732
f 731/731/731 732/732/732 733/733/733
f 734/734/734 731/731/731 733/733/733
f 735/735/735 731/731/731 734/734/734
f 731/731/731 736/736/736 730/730/730
f 731/731/731 735/735/735 737/737/737
f 731/731/731 737/737/737 738/738/738
f 738/738/738 737/737/737 739/739/739
f 739/739/739 740/740/740 738/738/738
f 741/741/741 742/742/742 743/743/743
f 743/743/743 744/744/744 741/741/741
f 743/743/743 745/745/745 744/744/744
f 745/745/745 743/743/743 746/746/746
f 747/747/747 748/748/748 749/749/749
f 749/749/749 750/750/750 747/747/747
f 750/750/750 749/749/749 751/751/751
f 751/751/751 752/752/752 750/750/750
f 753/753/753 754/754/754 755/755/755
f 754/754/754 753/753/753 756/756/756
f 755/755/755 757/757/757 753/753/753
f 756/756/756 758/758/758 754/754/754
f 759/759/759 760/760/760 761/761/761
f 761/761/761 762/762/762 759/759/759
f 763/763/763 762/762/762 761/761/761
f 763/763/763 764/764/764 762/762/762
f 765/765/765 766/766/766 767/767/767
f 766/766/766 768/768/768 767/767/767
f 767/767/767 768/768/768 769/769/769
f 768/768/768 770/770/770 769/769/769
f 771/771/771 772/772/772 773/773/773
f 773/773/773 774/774/774 771/771/771
f 772/772/772 775/775/775 773/773/773
f 774/774/774 773/773/773 776/776/776
f 777/777/777 778/778/778 779/779/779
f 778/778/778 777/777/777 780/780/780
f 779/779/779 778/778/778 781/781/781
f 777/777/777 782/782/782 780/780/780
f 779/779/779 781/781/781 783/783/783
f 782/782/782 784/784/784 780/780/780
f 781/781/781 785/785/785 783/783/783
f 782/782/782 786/786/786 784/784/784
f 785/785/785 781/781/781 787/787/787
f 788/788/788 785/785/785 787/787/787
f 787/787/787 789/789/789 788/788/788
f 790/790/790 788/788/788 789/789/789
f 791/791/791 788/788/788 790/790/790
f 792/792/792 791/791/791 790/790/790
f 791/791/791 792/792/792 793/793/793
f 793/793/793 792/792/792 794/794/794
f 792/792/792 795/795/795 794/794/794
f 795/795/795 796/796/796 794/794/794
f 796/796/796 795/795/795 797/797/797
f 797/797/797 798/798/798 796/796/796
f 797/797/797 799/799/799 798/798/798
f 799/799/799 800/800/800 798/798/798
f 799/799/799 801/801/801 800/800/800
f 800/800/800 801/801/801 802/802/802
f 802/802/802 801/801/801 803/803/803
f 804/804/804 802/802/802 803/803/803
f 802/802/802 805/805/805 800/800/800
f 806/806/806 802/802/802 804/804/804
f 805/805/805 802/802/802 807/807/807
f 806/806/806 807/807/807 802/802/802
f 807/807/807 806/806/806 808/808/808
f 807/807/807 809/809/809 805/805/805
f 807/807/807 808/808/808 810/810/810
f 810/810/810 809/809/809 807/807/807
f 811/811/811 809/809/809 810/810/810
f 809/809/809 811/811/811 812/812/812
f 813/813/813 786/786/786 814/814/814
f 786/786/786 813/813/813 784/784/784
f 814/814/814 815/815/815 813/813/813
f 814/814/814 816/816/816 815/815/815
f 817/817/817 814/814/814 786/786/786
f 816/816/816 814/814/814 818/818/818
f 814/814/814 817/817/817 819/819/819
f 819/819/819 818/818/818 814/814/814
f 818/818/818 819/819/819 820/820/820
f 817/817/817 821/821/821 819/819/819
f 819/819/819 822/822/822 820/820/820
f 821/821/821 822/822/822 819/819/819
f 821/821/821 823/823/823 822/822/822
f 823/823/823 821/821/821 824/824/824
f 825/825/825 826/826/826 827/827/827
f 826/826/826 825/825/825 828/828/828
f 829/829/829 828/828/828 825/825/825
f 828/828/828 829/829/829 830/830/830
f 831/831/831 832/832/832 833/833/833
f 834/834/834 833/833/833 832/832/832
f 832/832/832 835/835/835 834/834/834
f 836/836/836 834/834/834 835/835/835
f 837/837/837 838/838/838 839/839/839
f 837/837/837 840/840/840 838/838/838
f 841/841/841 840/840/840 837/837/837
f 841/841/841 842/842/842 840/840/840
f 843/843/843 842/842/842 841/841/841
f 843/843/843 844/844/844 842/842/842
f 845/845/845 846/846/846 847/847/847
f 846/846/846 845/845/845 848/848/848
f 848/848/848 849/849/849 846/846/846
f 849/849/849 848/848/848 850/850/850
f 849/849/849 850/850/850 851/851/851
f 850/850/850 852/852/852 851/851/851
f 853/853/853 854/854/854 855/855/855
f 853/853/853 855/855/855 856/856/856
f 857/857/857 853/853/853 856/856/856
f 857/857/857 856/856/856 858/858/858
f 859/859/859 860/860/860 861/861/861
f 862/862/862 861/861/861 860/860/860
f 860/860/860 863/863/863 862/862/862
f 864/864/864 862/862/862 863/863/863
f 865/865/865 866/866/866 867/867/867
f 866/866/866 868/868/868 867/867/867
f 868/868/868 869/869/869 870/870/870
f 869/869/869 868/868/868 871/871/871
f 872/872/872 873/873/873 874/874/874
f 874/874/874 875/875/875 872/872/872
f 876/876/876 875/875/875 877/877/877
f 875/875/875 876/876/876 878/878/878
f 879/879/879 880/880/880 881/881/881
f 882/882/882 883/883/883 884/884/884
f 881/881/881 884/884/884 879/879/879
f 884/884/884 881/881/881 882/882/882
f 885/885/885 886/886/886 887/887/887
f 888/888/888 889/889/889 890/890/890
f 887/887/887 890/890/890 885/885/885
f 890/890/890 887/887/887 888/888/888
f 891/891/891 892/892/892 893/893/893
f 892/892/892 891/891/891 894/894/894
f 892/892/892 894/894/894 895/895/895
f 895/895/895 896/896/896 892/892/892
f 897/897/897 898/898/898 899/899/899
f 897/897/897 900/900/900 898/898/898
f 901/901/901 900/900/900 897/897/897
f 900/900/900 901/901/901 902/902/902
f 901/901/901 903/903/903 902/902/902
f 903/903/903 901/901/901 904/904/904
f 904/904/904 905/905/905 903/903/903
f 905/905/905 904/904/904 906/906/906
f 907/907/907 908/908/908 909/909/909
f 908/908/908 910/910/910 909/909/909
f 908/908/908 911/911/911 910/910/910
f 911/911/911 908/908/908 912/912/912
f 913/913/913 914/914/914 915/915/915
f 913/913/913 916/916/916 914/914/914
f 917/917/917 916/916/916 913/913/913
f 916/916/916 917/917/917 918/918/918
f 917/917/917 919/919/919 918/918/918
f 919/919/919 917/917/917 920/920/920
f 920/920/920 921/921/921 919/919/919
f 921/921/921 920/920/920 922/922/922
f 923/923/923 924/924/924 925/925/925
f 924/924/924 923/923/923 926/926/926
f 927/927/927 926/926/926 923/923/923
f 926/926/926 927/927/927 928/928/928
f 929/929/929 930/930/930 931/931/931
f 932/932/932 931/931/931 930/930/930
f 930/930/930 933/933/933 932/932/932
f 934/934/934 932/932/932 933/933/933
f 935/935/935 936/936/936 937/937/937
f 936/936/936 935/935/935 938/938/938
f 935/935/935 939/939/939 938/938/938
f 939/939/939 940/940/940 938/938/938
f 941/941/941 940/940/940 939/939/939
f 940/940/940 941/941/941 942/942/942
f 943/943/943 942/942/942 941/941/941
f 942/942/942 943/943/943 944/944/944
f 945/945/945 944/944/944 943/943/943
f 944/944/944 945/945/945 946/946/946
f 947/947/947 946/946/946 945/945/945
f 946/946/946 947/947/947 948/948/948
f 949/949/949 948/948/948 947/947/947
f 948/948/948 949/949/949 950/950/950
f 951/951/951 952/952/952 953/953/953
f 952/952/952 951/951/951 954/954/954
f 954/954/954 951/951/951 955/955/955
f 954/954/954 956/956/956 952/952/952
f 952/952/952 956/956/956 957/957/957
f 956/956/956 954/954/954 958/958/958
f 959/959/959 960/960/960 961/961/961
f 962/962/962 960/960/960 959/959/959
f 962/962/962 963/963/963 960/960/960
f 963/963/963 962/962/962 964/964/964
f 965/965/965 960/960/960 963/963/963
f 960/960/960 965/965/965 966/966/966
f 967/967/967 968/968/968 969/969/969
f 969/969/969 968/968/968 970/970/970
f 968/968/968 967/967/967 971/971/971
f 968/968/968 971/971/971 972/972/972
f 968/968/968 973/973/973 970/970/970
f 973/973/973 968/968/968 974/974/974
f 975/975/975 976/976/976 977/977/977
f 975/975/975 978/978/978 976/976/976
f 975/975/975 979/979/979 978/978/978
f 978/978/978 979/979/979 980/980/980
f 979/979/979 975/975/975 981/981/981
f 981/981/981 975/975/975 982/982/982
f 983/983/983 984/984/984 985/985/985
f 986/986/986 984/984/984 983/983/983
f 984/984/984 986/986/986 987/987/987
f 988/988/988 986/986/986 983/983/983
f 986/986/986 988/988/988 989/989/989
f 988/988/988 983/983/983 990/990/990
f 991/991/991 992/992/992 993/993/993
f 994/994/994 992/992/992 991/991/991
f 994/994/994 995/995/995 992/992/992
f 995/995/995 994/994/994 996/996/996
f 995/995/995 996/996/996 997/997/997
f 998/998/998 999/999/999 1000/1000/1000
f 999/999/999 998/998/998 1001/1001/1001
f 998/998/998 1002/1002/1002 1001/1001/1001
f 1001/1001/1001 1002/1002/1002 1003/1003/1003
f 1004/1004/1004 1003/1003/1003 1002/1002/1002
f 1003/1003/1003 1004/1004/1004 1005/1005/1005
f 1006/1006/1006 1005/1005/1005 1004/1004/1004
f 1005/1005/1005 1006/1006/1006 1007/1007/1007
f 1008/1008/1008 1007/1007/1007 1006/1006/1006
f 1007/1007/1007 1008/1008/1008 1009/1009/1009
f 1010/1010/1010 1009/1009/1009 1008/1008/1008
f 1009/1009/1009 1010/1010/1010 1011/1011/1011
f 1012/1012/1012 1011/1011/1011 1010/1010/1010
f 1011/1011/1011 1012/1012/1012 1013/1013/1013
f 1014/1014/1014 1015/1015/1015 1016/1016/1016
f 1015/1015/1015 1014/1014/1014 1017/1017/1017
f 1018/1018/1018 1017/1017/1017 1014/1014/1014
f 1017/1017/1017 1018/1018/1018 1019/1019/1019
f 1017/1017/1017 1019/1019/1019 1020/1020/1020
f 1021/1021/1021 1022/1022/1022 1023/1023/1023
f 1024/1024/1024 1023/1023/1023 1022/1022/1022
f 1022/1022/1022 1021/1021/1021 1025/1025/1025
f 1023/1023/1023 1024/1024/1024 1026/1026/1026
f 1027/1027/1027 1025/1025/1025 1021/1021/1021
f 1028/1028/1028 1026/1026/1026 1024/1024/1024
f 1027/1027/1027 1029/1029/1029 1025/1025/1025
f 1026/1026/1026 1028/1028/1028 1030/1030/1030
f 1030/1030/1030 1028/1028/1028 1031/1031/1031
f 1031/1031/1031 1032/1032/1032 1030/1030/1030
f 1033/1033/1033 1034/1034/1034 1035/1035/1035
f 1035/1035/1035 1034/1034/1034 1036/1036/1036
f 1033/1033/1033 1035/1035/1035 1037/1037/1037
f 1033/1033/1033 1038/1038/1038 1034/1034/1034
f 1034/1034/1034 1038/1038/1038 1039/1039/1039
f 1038/1038/1038 1033/1033/1033 1040/1040/1040
f 1041/1041/1041 1042/1042/1042 1043/1043/1043
f 1044/1044/1044 1043/1043/1043 1042/1042/1042
f 1042/1042/1042 1041/1041/1041 1045/1045/1045
f 1043/1043/1043 1044/1044/1044 1046/1046/1046
f 1045/1045/1045 1041/1041/1041 1047/1047/1047
f 1047/1047/1047 1048/1048/1048 1045/1045/1045
f 1048/1048/1048 1047/1047/1047 1049/1049/1049
f 1048/1048/1048 1049/1049/1049 1050/1050/1050
f 1050/1050/1050 1049/1049/1049 1051/1051/1051
f 1051/1051/1051 1052/1052/1052 1050/1050/1050
